CREATE DATABASE  IF NOT EXISTS `bookingtour` /*!40100 DEFAULT CHARACTER SET utf32 */ /*!80016 DEFAULT ENCRYPTION='N' */;
USE `bookingtour`;
-- MySQL dump 10.13  Distrib 8.0.33, for Win64 (x86_64)
--
-- Host: 127.0.0.1    Database: bookingtour
-- ------------------------------------------------------
-- Server version	8.0.33

/*!40101 SET @OLD_CHARACTER_SET_CLIENT=@@CHARACTER_SET_CLIENT */;
/*!40101 SET @OLD_CHARACTER_SET_RESULTS=@@CHARACTER_SET_RESULTS */;
/*!40101 SET @OLD_COLLATION_CONNECTION=@@COLLATION_CONNECTION */;
/*!50503 SET NAMES utf8 */;
/*!40103 SET @OLD_TIME_ZONE=@@TIME_ZONE */;
/*!40103 SET TIME_ZONE='+00:00' */;
/*!40014 SET @OLD_UNIQUE_CHECKS=@@UNIQUE_CHECKS, UNIQUE_CHECKS=0 */;
/*!40014 SET @OLD_FOREIGN_KEY_CHECKS=@@FOREIGN_KEY_CHECKS, FOREIGN_KEY_CHECKS=0 */;
/*!40101 SET @OLD_SQL_MODE=@@SQL_MODE, SQL_MODE='NO_AUTO_VALUE_ON_ZERO' */;
/*!40111 SET @OLD_SQL_NOTES=@@SQL_NOTES, SQL_NOTES=0 */;

--
-- Table structure for table `booking`
--

DROP TABLE IF EXISTS `booking`;
/*!40101 SET @saved_cs_client     = @@character_set_client */;
/*!50503 SET character_set_client = utf8mb4 */;
CREATE TABLE `booking` (
  `id` int NOT NULL,
  `tour_available_id` int DEFAULT NULL,
  `user_id` int DEFAULT NULL,
  `status` enum('approved','waiting','declined') DEFAULT NULL,
  `contact_name` varchar(512) DEFAULT NULL,
  `contact_phone` varchar(512) DEFAULT NULL,
  `contact_email` varchar(512) DEFAULT NULL,
  `quantity` int DEFAULT NULL,
  PRIMARY KEY (`id`),
  KEY `fk_booking_tour_available` (`tour_available_id`),
  KEY `fk_booking_user` (`user_id`),
  CONSTRAINT `fk_booking_tour_available` FOREIGN KEY (`tour_available_id`) REFERENCES `tour_available` (`id`),
  CONSTRAINT `fk_booking_user` FOREIGN KEY (`user_id`) REFERENCES `user` (`id`)
) ENGINE=InnoDB DEFAULT CHARSET=utf32;
/*!40101 SET character_set_client = @saved_cs_client */;

--
-- Dumping data for table `booking`
--

LOCK TABLES `booking` WRITE;
/*!40000 ALTER TABLE `booking` DISABLE KEYS */;
INSERT INTO `booking` VALUES (1,12,307,'declined','Emlyn Wilbor','508-740-9255','ewilbor0@nymag.com',4),(2,8,454,'approved','Elisabetta Rogez','492-178-4237','erogez1@yellowbook.com',78),(3,17,185,'approved','Evyn Gallaway','902-742-8908','egallaway2@nba.com',22),(4,15,601,'waiting','Juana Godmar','751-542-5211','jgodmar3@dagondesign.com',76),(5,4,776,'waiting','Mariya Bletsoe','140-796-0937','mbletsoe4@cafepress.com',13),(6,17,802,'waiting','Tab Hughs','412-164-1466','thughs5@goodreads.com',58),(7,15,502,'declined','Ike Sterling','245-949-8634','isterling6@homestead.com',7),(8,16,563,'waiting','Viviyan Goodisson','120-376-8977','vgoodisson7@infoseek.co.jp',86),(9,3,657,'waiting','Loreen Beekmann','489-887-7132','lbeekmann8@github.com',22),(10,6,674,'approved','Mignon Christon','301-605-9090','mchriston9@cbsnews.com',44),(11,17,508,'waiting','Hynda Mordue','603-756-2770','hmorduea@diigo.com',66),(12,20,350,'declined','Jaimie Bread','106-440-6823','jbreadb@buzzfeed.com',81),(13,1,726,'approved','Alanna Garlant','493-604-5702','agarlantc@artisteer.com',23),(14,13,171,'waiting','Alberik De Brett','192-942-0960','aded@hostgator.com',94),(15,9,742,'approved','Millisent Bahlmann','781-563-8540','mbahlmanne@privacy.gov.au',95),(16,15,584,'declined','Donella Scoble','246-632-3327','dscoblef@java.com',69),(17,20,347,'declined','Morse Whiles','459-887-0336','mwhilesg@sciencedaily.com',38),(18,8,739,'approved','Cortney Cockrell','760-918-9892','ccockrellh@washington.edu',48),(19,9,873,'waiting','Yalonda Earl','252-291-9317','yearli@godaddy.com',37),(20,5,910,'approved','Archaimbaud Nice','804-984-7074','anicej@wikia.com',63);
/*!40000 ALTER TABLE `booking` ENABLE KEYS */;
UNLOCK TABLES;

--
-- Table structure for table `category`
--

DROP TABLE IF EXISTS `category`;
/*!40101 SET @saved_cs_client     = @@character_set_client */;
/*!50503 SET character_set_client = utf8mb4 */;
CREATE TABLE `category` (
  `id` int NOT NULL,
  `name` varchar(512) DEFAULT NULL,
  PRIMARY KEY (`id`)
) ENGINE=InnoDB DEFAULT CHARSET=utf32;
/*!40101 SET character_set_client = @saved_cs_client */;

--
-- Dumping data for table `category`
--

LOCK TABLES `category` WRITE;
/*!40000 ALTER TABLE `category` DISABLE KEYS */;
INSERT INTO `category` VALUES (1,'Mountain'),(2,'Beach'),(3,'City'),(4,'Rural'),(5,'Farm');
/*!40000 ALTER TABLE `category` ENABLE KEYS */;
UNLOCK TABLES;

--
-- Table structure for table `tour`
--

DROP TABLE IF EXISTS `tour`;
/*!40101 SET @saved_cs_client     = @@character_set_client */;
/*!50503 SET character_set_client = utf8mb4 */;
CREATE TABLE `tour` (
  `id` int NOT NULL,
  `name` varchar(512) DEFAULT NULL,
  `price` double DEFAULT NULL,
  `description` varchar(512) DEFAULT NULL,
  `duration` varchar(512) DEFAULT NULL,
  `place` varchar(512) DEFAULT NULL,
  `images` varchar(512) DEFAULT NULL,
  `category_id` int DEFAULT NULL,
  PRIMARY KEY (`id`),
  KEY `fk_tour_category` (`category_id`),
  CONSTRAINT `fk_tour_category` FOREIGN KEY (`category_id`) REFERENCES `category` (`id`)
) ENGINE=InnoDB DEFAULT CHARSET=utf32;
/*!40101 SET character_set_client = @saved_cs_client */;

--
-- Dumping data for table `tour`
--

LOCK TABLES `tour` WRITE;
/*!40000 ALTER TABLE `tour` DISABLE KEYS */;
INSERT INTO `tour` VALUES (1,'Grand Tour',1856,'Fusce posuere felis sed lacus. Morbi sem mauris, laoreet ut, rhoncus aliquet, pulvinar sed, nisl.','4 days','United States','',3),(2,'Classic Tour',809,'Nulla mollis molestie lorem. Quisque ut erat. Curabitur gravida nisi at nibh. In hac habitasse platea dictumst. Aliquam augue quam, sollicitudin vitae, consectetuer eget, rutrum at, lorem. Integer tincidunt ante vel ipsum. Praesent blandit lacinia erat. Vestibulum sed magna at nunc commodo placerat. Praesent blandit. Nam nulla.','3 days','Portugal','',5),(3,'Ultimate Tour',419,'Donec quis orci eget orci vehicula condimentum. Curabitur in libero ut massa volutpat convallis. Morbi odio odio, elementum eu, interdum eu, tincidunt in, leo. Maecenas pulvinar lobortis est. Phasellus sit amet erat. Nulla tempus. Vivamus in felis eu sapien cursus vestibulum. Proin eu mi. Nulla ac enim. In tempor, turpis nec euismod scelerisque, quam turpis adipiscing lorem, vitae mattis nibh ligula nec sem.','3 days','Indonesia','',5),(4,'Adventure Tour',1509,'Proin leo odio, porttitor id, consequat in, consequat ut, nulla. Sed accumsan felis. Ut at dolor quis odio consequat varius. Integer ac leo. Pellentesque ultrices mattis odio. Donec vitae nisi. Nam ultrices, libero non mattis pulvinar, nulla pede ullamcorper augue, a suscipit nulla elit ac nulla.','5 days','Sudan','',4),(5,'Epic Tour',674,'Proin eu mi. Nulla ac enim. In tempor, turpis nec euismod scelerisque, quam turpis adipiscing lorem, vitae mattis nibh ligula nec sem.','1 day','China','',4),(6,'Mega Tour',1218,'Morbi non quam nec dui luctus rutrum. Nulla tellus. In sagittis dui vel nisl. Duis ac nibh.','3 days','Malaysia','',5),(7,'Extreme Tour',811,'Suspendisse accumsan tortor quis turpis. Sed ante. Vivamus tortor. Duis mattis egestas metus.','4 days','New Zealand','',3),(8,'Legendary Tour',1651,'Aliquam erat volutpat. In congue. Etiam justo. Etiam pretium iaculis justo.','7 days','Dominica','',5),(9,'Dream Tour',962,'Nulla tempus. Vivamus in felis eu sapien cursus vestibulum. Proin eu mi. Nulla ac enim. In tempor, turpis nec euismod scelerisque, quam turpis adipiscing lorem, vitae mattis nibh ligula nec sem. Duis aliquam convallis nunc.','3 days','Indonesia','',4),(10,'Infinity Tour',1272,'Vivamus metus arcu, adipiscing molestie, hendrerit at, vulputate vitae, nisl. Aenean lectus. Pellentesque eget nunc. Donec quis orci eget orci vehicula condimentum. Curabitur in libero ut massa volutpat convallis. Morbi odio odio, elementum eu, interdum eu, tincidunt in, leo. Maecenas pulvinar lobortis est. Phasellus sit amet erat. Nulla tempus.','4 days','Portugal','',4);
/*!40000 ALTER TABLE `tour` ENABLE KEYS */;
UNLOCK TABLES;

--
-- Table structure for table `tour_available`
--

DROP TABLE IF EXISTS `tour_available`;
/*!40101 SET @saved_cs_client     = @@character_set_client */;
/*!50503 SET character_set_client = utf8mb4 */;
CREATE TABLE `tour_available` (
  `id` int NOT NULL,
  `tour_id` int DEFAULT NULL,
  `actual_cost` double DEFAULT NULL,
  `start` date DEFAULT NULL,
  `is_available` enum('yes','no') DEFAULT NULL,
  PRIMARY KEY (`id`),
  KEY `fk_tour_available_tour` (`tour_id`),
  CONSTRAINT `fk_tour_available_tour` FOREIGN KEY (`tour_id`) REFERENCES `tour` (`id`)
) ENGINE=InnoDB DEFAULT CHARSET=utf32;
/*!40101 SET character_set_client = @saved_cs_client */;

--
-- Dumping data for table `tour_available`
--

LOCK TABLES `tour_available` WRITE;
/*!40000 ALTER TABLE `tour_available` DISABLE KEYS */;
INSERT INTO `tour_available` VALUES (1,2,1036,'2023-01-09','yes'),(2,1,1357,'2022-11-08','no'),(3,3,485,'2023-04-05','yes'),(4,6,1626,'2022-09-19','yes'),(5,3,771,'2022-10-02','no'),(6,2,204,'2022-12-24','no'),(7,2,1190,'2022-10-06','no'),(8,5,645,'2023-06-17','yes'),(9,7,503,'2023-05-15','no'),(10,3,202,'2023-08-13','no'),(11,7,1226,'2022-11-04','no'),(12,8,1726,'2023-04-29','yes'),(13,10,726,'2023-08-28','no'),(14,8,1085,'2022-12-20','no'),(15,6,578,'2022-11-09','yes'),(16,9,917,'2022-11-08','yes'),(17,4,599,'2023-06-13','no'),(18,2,1395,'2023-06-18','no'),(19,1,273,'2023-08-15','yes'),(20,7,1644,'2023-06-24','yes');
/*!40000 ALTER TABLE `tour_available` ENABLE KEYS */;
UNLOCK TABLES;

--
-- Table structure for table `tour_review`
--

DROP TABLE IF EXISTS `tour_review`;
/*!40101 SET @saved_cs_client     = @@character_set_client */;
/*!50503 SET character_set_client = utf8mb4 */;
CREATE TABLE `tour_review` (
  `id` int NOT NULL,
  `user_id` int DEFAULT NULL,
  `tour_id` int DEFAULT NULL,
  `content` varchar(512) DEFAULT NULL,
  `time_created` date DEFAULT NULL,
  `status` enum('approved','waiting','declined') DEFAULT NULL,
  PRIMARY KEY (`id`),
  KEY `fk_tour_review_user` (`user_id`),
  KEY `fk_tour_review_tour` (`tour_id`),
  CONSTRAINT `fk_tour_review_tour` FOREIGN KEY (`tour_id`) REFERENCES `tour` (`id`),
  CONSTRAINT `fk_tour_review_user` FOREIGN KEY (`user_id`) REFERENCES `user` (`id`)
) ENGINE=InnoDB DEFAULT CHARSET=utf32;
/*!40101 SET character_set_client = @saved_cs_client */;

--
-- Dumping data for table `tour_review`
--

LOCK TABLES `tour_review` WRITE;
/*!40000 ALTER TABLE `tour_review` DISABLE KEYS */;
INSERT INTO `tour_review` VALUES (1,574,3,'\"Proin leo odio, porttitor id, consequat in, consequat ut, nulla. Sed accumsan felis. Ut at dolor quis odio consequat varius.\"','2022-11-07','waiting'),(2,602,3,'\"Quisque porta volutpat erat. Quisque erat eros, viverra eget, congue eget, semper rutrum, nulla. Nunc purus.\"','2022-11-09','declined'),(3,800,5,'Duis aliquam convallis nunc. Proin at turpis a pede posuere nonummy. Integer non velit.','2022-12-29','waiting'),(4,270,3,'\"Mauris enim leo, rhoncus sed, vestibulum sit amet, cursus id, turpis. Integer aliquet, massa id lobortis convallis, tortor risus dapibus augue, vel accumsan tellus nisi eu orci. Mauris lacinia sapien quis libero.\"','2022-11-14','waiting'),(5,135,7,'\"Curabitur in libero ut massa volutpat convallis. Morbi odio odio, elementum eu, interdum eu, tincidunt in, leo. Maecenas pulvinar lobortis est.\"','2023-06-25','approved'),(6,429,6,'Pellentesque at nulla. Suspendisse potenti. Cras in purus eu magna vulputate luctus.','2022-11-09','declined'),(7,175,7,'\"Quisque id justo sit amet sapien dignissim vestibulum. Vestibulum ante ipsum primis in faucibus orci luctus et ultrices posuere cubilia Curae; Nulla dapibus dolor vel est. Donec odio justo, sollicitudin ut, suscipit a, feugiat et, eros.\"','2022-10-05','waiting'),(8,8,4,'In quis justo. Maecenas rhoncus aliquam lacus. Morbi quis tortor id nulla ultrices aliquet.','2023-05-14','approved'),(9,985,3,'Praesent id massa id nisl venenatis lacinia. Aenean sit amet justo. Morbi ut odio.','2022-11-04','approved'),(10,271,10,'Phasellus in felis. Donec semper sapien a libero. Nam dui.','2022-10-25','approved'),(11,197,9,'Integer tincidunt ante vel ipsum. Praesent blandit lacinia erat. Vestibulum sed magna at nunc commodo placerat.','2023-02-01','approved'),(12,355,5,'\"Vestibulum ac est lacinia nisi venenatis tristique. Fusce congue, diam id ornare imperdiet, sapien urna pretium nisl, ut volutpat sapien arcu sed augue. Aliquam erat volutpat.\"','2022-11-23','declined'),(13,427,2,'\"Fusce posuere felis sed lacus. Morbi sem mauris, laoreet ut, rhoncus aliquet, pulvinar sed, nisl. Nunc rhoncus dui vel sem.\"','2023-08-03','declined'),(14,601,7,'Aenean lectus. Pellentesque eget nunc. Donec quis orci eget orci vehicula condimentum.','2023-03-28','waiting'),(15,622,7,'Nulla ut erat id mauris vulputate elementum. Nullam varius. Nulla facilisi.','2022-10-15','approved'),(16,698,6,'\"Maecenas tristique, est et tempus semper, est quam pharetra magna, ac consequat metus sapien ut nunc. Vestibulum ante ipsum primis in faucibus orci luctus et ultrices posuere cubilia Curae; Mauris viverra diam vitae quam. Suspendisse potenti.\"','2023-02-12','approved'),(17,825,5,'Aenean lectus. Pellentesque eget nunc. Donec quis orci eget orci vehicula condimentum.','2023-09-14','waiting'),(18,61,9,'\"Lorem ipsum dolor sit amet, consectetuer adipiscing elit. Proin risus. Praesent lectus.\"','2023-04-30','declined'),(19,584,2,'In congue. Etiam justo. Etiam pretium iaculis justo.','2022-11-05','declined'),(20,8,6,'Praesent id massa id nisl venenatis lacinia. Aenean sit amet justo. Morbi ut odio.','2023-03-18','declined');
/*!40000 ALTER TABLE `tour_review` ENABLE KEYS */;
UNLOCK TABLES;

--
-- Table structure for table `user`
--

DROP TABLE IF EXISTS `user`;
/*!40101 SET @saved_cs_client     = @@character_set_client */;
/*!50503 SET character_set_client = utf8mb4 */;
CREATE TABLE `user` (
  `id` int NOT NULL,
  `fullname` varchar(255) DEFAULT NULL,
  `gender` enum('male','female') DEFAULT NULL,
  `birthday` date DEFAULT NULL,
  `living_city` varchar(255) DEFAULT NULL,
  `email` varchar(255) DEFAULT NULL,
  `phone` varchar(255) DEFAULT NULL,
  `role` enum('user','admin') DEFAULT NULL,
  PRIMARY KEY (`id`)
) ENGINE=InnoDB DEFAULT CHARSET=utf32;
/*!40101 SET character_set_client = @saved_cs_client */;

--
-- Dumping data for table `user`
--

LOCK TABLES `user` WRITE;
/*!40000 ALTER TABLE `user` DISABLE KEYS */;
INSERT INTO `user` VALUES (1,'Merilee Catcheside','female','1996-11-28','Pingdingbu','mcatcheside0@canalblog.com','906-482-3083','admin'),(2,'Minnnie Beaney','female','1999-10-03','Nanganumba','mbeaney1@mit.edu','816-382-3098','user'),(3,'Gearard Yansons','male','2012-06-08','Ad Dawādimī','gyansons2@list-manage.com','472-925-5634','admin'),(4,'Marmaduke Gellett','male','2005-08-27','Waishan','mgellett3@bandcamp.com','618-143-0668','admin'),(5,'Grissel Dryburgh','female','2019-04-25','Orlovka','gdryburgh4@sakura.ne.jp','385-905-4014','user'),(6,'Zarah Jouannisson','female','1981-06-09','Fasito‘outa','zjouannisson5@bandcamp.com','748-345-8618','user'),(7,'Lou Quibell','female','2021-04-21','Jāmpur','lquibell6@salon.com','827-996-7840','admin'),(8,'Jocelyn Stormonth','female','2004-02-28','Uglovoye','jstormonth7@bizjournals.com','515-173-4508','admin'),(9,'Rutherford Filipczak','male','1966-09-23','Camilo Aldao','rfilipczak8@psu.edu','154-631-0455','user'),(10,'Levon Housegoe','male','1989-04-27','Tomigusuku','lhousegoe9@nyu.edu','109-353-5000','admin'),(11,'Lynda Venditto','female','1958-07-09','Subkowy','lvendittoa@blogspot.com','265-506-4554','user'),(12,'Montague Stirrup','male','2009-09-12','Yamen','mstirrupb@dagondesign.com','473-186-3531','user'),(13,'Thorstein Whysall','male','1964-04-20','Zipaquirá','twhysallc@sina.com.cn','615-405-6481','user'),(14,'Lita Moulding','female','1963-08-29','Chum Phuang','lmouldingd@addtoany.com','363-302-7780','user'),(15,'Stace Strethill','female','2013-09-01','Senggapi','sstrethille@usnews.com','622-477-1701','user'),(16,'Tabbie Serjeantson','female','1994-10-17','Lacombe','tserjeantsonf@ifeng.com','273-139-2508','user'),(17,'Bernice Hartigan','female','1959-04-18','Mutis','bhartigang@arstechnica.com','863-129-7898','user'),(18,'Shannon Cheek','male','1960-09-11','Gulariyā','scheekh@sciencedirect.com','925-503-2159','user'),(19,'Twila Besant','female','1995-02-09','Baiguo','tbesanti@hostgator.com','266-883-2561','user'),(20,'Free Ashfold','male','1988-08-07','Cabra Figa','fashfoldj@reference.com','451-710-6195','admin'),(21,'Marjory Gyurko','female','1982-06-20','Feilaixia','mgyurkok@salon.com','167-815-2255','user'),(22,'Brice Slark','male','2001-07-11','Kalisangkrah Lor','bslarkl@usgs.gov','339-390-0890','admin'),(23,'Massimo Morforth','male','2002-05-04','Bonriki Village','mmorforthm@smugmug.com','830-568-5577','user'),(24,'Jackelyn Karlolak','female','1985-10-28','Paradyż','jkarlolakn@issuu.com','984-658-7126','user'),(25,'Alonzo Garfoot','male','2018-11-10','Loznitsa','agarfooto@shinystat.com','152-899-2453','user'),(26,'Brady Hallstone','male','1960-12-29','Taipingzhuang','bhallstonep@parallels.com','840-738-7134','admin'),(27,'Fred Tweede','female','1965-10-23','Sekirnik','ftweedeq@google.com.br','244-739-9529','user'),(28,'Selma Heak','female','1976-02-09','Tahe','sheakr@ihg.com','104-135-2999','user'),(29,'Kaja Duffil','female','1995-08-23','Troitsk','kduffils@berkeley.edu','507-378-4425','user'),(30,'Bebe Hriinchenko','female','1958-12-04','Jankomir','bhriinchenkot@shop-pro.jp','521-299-1910','admin'),(31,'Kellyann Averay','female','1958-12-26','Rentung','kaverayu@spotify.com','505-614-2009','user'),(32,'Penelope Alexandre','female','1971-02-15','Jacura','palexandrev@fema.gov','925-800-4754','user'),(33,'Davin Pratt','male','1985-07-12','Bokaa','dprattw@spotify.com','393-734-3262','user'),(34,'Erena Shead','female','1994-03-06','Kaduranca','esheadx@toplist.cz','743-756-2964','admin'),(35,'Ronny Piken','female','1958-02-22','Ponce','rpikeny@home.pl','781-491-9327','user'),(36,'Lorine Benoey','female','2005-04-20','Esquina','lbenoeyz@clickbank.net','710-306-2342','user'),(37,'Brooke Wreiford','female','1980-08-19','Wanmingang','bwreiford10@theatlantic.com','374-497-2471','admin'),(38,'Nicolai Eliasson','male','1982-03-06','Celendín','neliasson11@cam.ac.uk','495-645-7741','admin'),(39,'Jonie Blewett','female','1960-12-15','Beicang','jblewett12@networksolutions.com','991-663-6692','user'),(40,'Eba Misk','female','2008-11-08','Chachagüí','emisk13@xing.com','121-604-6984','user'),(41,'Katie Ianiello','female','1999-03-13','Rakek','kianiello14@mozilla.org','109-182-6356','admin'),(42,'Adelle Overy','female','2015-10-18','Maria','aovery15@skyrock.com','354-699-4785','admin'),(43,'Georgianna Goodey','female','1963-09-28','Pante Raja','ggoodey16@taobao.com','516-553-9056','user'),(44,'Jolie Mewe','female','1994-09-03','Thị Trấn Lâm','jmewe17@usnews.com','397-263-6761','user'),(45,'Joaquin Caraher','male','2022-07-21','Xiadahe','jcaraher18@google.co.jp','768-129-8748','admin'),(46,'Loni Stannard','female','1975-03-25','Clervaux','lstannard19@dedecms.com','449-881-0503','user'),(47,'Deerdre Bridgement','female','2014-09-19','Trâu Quỳ','dbridgement1a@ameblo.jp','542-850-7908','user'),(48,'Matthaeus Keggins','male','2011-11-01','Marfino','mkeggins1b@buzzfeed.com','792-724-9176','admin'),(49,'Darb Skelington','female','2011-03-30','Bang Mun Nak','dskelington1c@bravesites.com','701-259-1547','user'),(50,'Nobie Snasdell','male','2001-04-16','Karangtawar','nsnasdell1d@biblegateway.com','118-830-4513','user'),(51,'Innis Polland','male','2011-02-22','Shiziling','ipolland1e@exblog.jp','140-153-8174','user'),(52,'Charles Cannam','male','2008-12-31','Iporã','ccannam1f@friendfeed.com','471-952-8281','admin'),(53,'Marna Kadd','female','2004-04-28','Sulahan','mkadd1g@netlog.com','497-349-0192','admin'),(54,'Craggy Gillmore','male','1977-10-08','Tingloy','cgillmore1h@github.com','732-601-2074','user'),(55,'Isidoro Lenden','male','1970-12-05','Shitang','ilenden1i@irs.gov','319-787-7143','user'),(56,'Pennie Bewicke','male','1990-08-09','Konyshevka','pbewicke1j@globo.com','663-630-2752','admin'),(57,'Nolana Geely','female','2010-05-23','Sruni','ngeely1k@seattletimes.com','148-171-4100','admin'),(58,'Menard Keating','male','1985-11-06','Neochórion','mkeating1l@foxnews.com','958-353-2094','user'),(59,'Jonis Sivell','female','1980-11-04','Cherkasskoye','jsivell1m@ocn.ne.jp','380-557-4539','user'),(60,'Geoffry Cady','male','1967-12-04','Khlong Sam Wa','gcady1n@shareasale.com','278-252-5260','user'),(61,'Paulo Pepperell','male','1999-09-21','Huangqi','ppepperell1o@smh.com.au','239-760-3029','user'),(62,'Stan Jannequin','male','1978-05-20','Polo','sjannequin1p@telegraph.co.uk','643-387-6306','user'),(63,'Lizabeth Ionnidis','female','1981-01-05','Itacoatiara','lionnidis1q@slashdot.org','993-231-1380','user'),(64,'Goldie Urion','female','1972-03-23','New York City','gurion1r@amazon.de','646-724-3721','user'),(65,'Emelia Bagshaw','female','1998-01-06','Uptar','ebagshaw1s@blogger.com','191-729-1706','admin'),(66,'Alexia Sandlin','female','2010-07-02','Mislak','asandlin1t@edublogs.org','896-484-4079','admin'),(67,'Hunter Van Eeden','male','1968-02-11','Kawanishi','hvan1u@symantec.com','833-192-6941','admin'),(68,'Armando Orpen','male','1975-03-06','Guebwiller','aorpen1v@yellowpages.com','310-513-8846','admin'),(69,'Hatty MacFayden','female','1957-12-26','Curug','hmacfayden1w@surveymonkey.com','828-380-7817','admin'),(70,'Sauncho O\' Neligan','male','1964-10-16','Ban Rangsit','so1x@princeton.edu','547-961-7054','user'),(71,'Flem Brunicke','male','1984-07-17','Independencia','fbrunicke1y@ezinearticles.com','437-639-9903','admin'),(72,'Anthony Tipling','male','1972-10-29','Wang Sai Phun','atipling1z@posterous.com','945-436-3962','user'),(73,'Phineas Dovinson','male','2016-03-24','Novosin’kovo','pdovinson20@narod.ru','465-131-2192','user'),(74,'Rhiamon Redrup','female','1973-02-06','Narok','rredrup21@yellowpages.com','775-263-2196','user'),(75,'Aeriell Gatheral','female','2019-06-28','Anávra','agatheral22@state.gov','620-236-6540','admin'),(76,'Jerrie Winthrop','female','1960-05-18','Salavat','jwinthrop23@dmoz.org','556-811-1147','user'),(77,'Siusan Feighry','female','1991-03-30','El Tablón','sfeighry24@boston.com','283-399-9844','admin'),(78,'Valentino Mobbs','male','2000-10-15','Huicheng','vmobbs25@intel.com','284-630-5006','user'),(79,'Nicky Trustram','male','2009-02-03','Aksakovo','ntrustram26@economist.com','680-399-5814','user'),(80,'Harmonie Strathdee','female','1998-05-03','Qiaodi','hstrathdee27@flavors.me','703-720-8829','admin'),(81,'Dahlia Woodington','female','2003-05-26','Wolofeo','dwoodington28@google.nl','521-149-5857','user'),(82,'Pearce Sumers','male','2006-05-02','Tambakrejo','psumers29@netlog.com','616-505-2540','admin'),(83,'Forest Bourdis','male','1985-04-26','Amargosa','fbourdis2a@senate.gov','596-640-0982','admin'),(84,'Shaun Harmond','male','1965-06-04','Shatalovo','sharmond2b@is.gd','671-467-9027','user'),(85,'Becka Collingham','female','2008-06-22','Jiahe','bcollingham2c@flavors.me','827-351-6812','admin'),(86,'Agnes Dawby','female','1968-02-23','Taipa','adawby2d@mysql.com','379-674-4632','user'),(87,'Glenn Hoston','male','1981-12-15','Tunasbaru','ghoston2e@wikimedia.org','390-759-6625','user'),(88,'Sandy Vasile','male','1983-07-22','Braço do Norte','svasile2f@vimeo.com','242-512-7185','user'),(89,'Devy Cousins','male','2002-03-23','Jocón','dcousins2g@disqus.com','367-593-3274','user'),(90,'Edgar Probbing','male','1989-06-11','Tacoma','eprobbing2h@marketwatch.com','253-528-7369','admin'),(91,'Sidney Tomlett','male','2017-10-20','Widorokandang','stomlett2i@newsvine.com','370-370-5126','admin'),(92,'Bartholomeo Oddey','male','2022-11-02','Malhão','boddey2j@tiny.cc','398-888-3861','admin'),(93,'Florencia Swabey','female','1981-01-21','Barbudo','fswabey2k@yahoo.com','480-380-7884','user'),(94,'Wyatan O\'Hallihane','male','1957-03-09','Blois','wohallihane2l@about.com','589-578-7114','admin'),(95,'Cecilius Rablen','male','2000-06-05','Bétérou','crablen2m@com.com','590-101-6959','admin'),(96,'Ag Guyonneau','female','1992-06-30','Touguinha','aguyonneau2n@shutterfly.com','769-789-6215','user'),(97,'Fulton Goodson','male','1996-12-28','Raemude','fgoodson2o@barnesandnoble.com','276-976-6996','admin'),(98,'Maiga Aldhouse','female','1992-09-07','Charneca da Cotovia','maldhouse2p@aboutads.info','806-656-9270','admin'),(99,'Emlen Kristiansen','male','2002-11-21','Morelos','ekristiansen2q@canalblog.com','721-165-0295','user'),(100,'Annabela Dumbrill','female','1952-07-30','Basse-Terre','adumbrill2r@tripadvisor.com','532-305-5078','admin'),(101,'Brandise Sparshett','female','1979-12-01','Coihaique','bsparshett2s@amazon.co.jp','783-466-1809','admin'),(102,'Cherye De Gouy','female','1954-09-10','Kaiyuan','cde2t@nymag.com','103-901-3244','admin'),(103,'Ericka Suttill','female','1961-09-25','Blois','esuttill2u@barnesandnoble.com','717-846-7349','admin'),(104,'Timothee Fone','male','1971-03-05','Primorskiy','tfone2v@vimeo.com','700-578-0199','admin'),(105,'Nehemiah Balbeck','male','1959-05-23','Calais','nbalbeck2w@army.mil','523-206-3292','admin'),(106,'Mavis McCusker','female','1970-02-19','São Fidélis','mmccusker2x@w3.org','422-379-5467','user'),(107,'Frank Mulligan','female','1990-03-16','Vaughan','fmulligan2y@nasa.gov','642-677-5640','user'),(108,'Annadiane Caraher','female','2016-01-07','Kagoshima-shi','acaraher2z@guardian.co.uk','444-371-8898','admin'),(109,'Russ Castaignet','male','1989-05-13','Tranås','rcastaignet30@webeden.co.uk','680-523-7056','user'),(110,'Ellery Gawke','male','1952-03-03','Yidu','egawke31@nih.gov','532-630-9824','user'),(111,'Boot Beaumont','male','1973-08-04','Karabas','bbeaumont32@moonfruit.com','880-347-8120','user'),(112,'Mirabelle Mockett','female','2001-07-20','Changhua','mmockett33@sun.com','405-925-2706','admin'),(113,'Pat Messam','female','1954-05-26','Kostryzhivka','pmessam34@boston.com','779-379-8014','admin'),(114,'Gratia Dreus','female','1991-08-18','Vidzy','gdreus35@wix.com','593-934-8227','user'),(115,'Marigold Langfat','female','2021-06-17','Pakkat','mlangfat36@mozilla.com','956-983-4681','admin'),(116,'Erroll Pidgeley','male','1957-06-10','Põlva','epidgeley37@vimeo.com','652-306-1339','admin'),(117,'Walsh Massen','male','1974-12-14','Temirtau','wmassen38@163.com','838-537-4841','admin'),(118,'Georgia Gelling','female','1954-04-15','Jankovec','ggelling39@tripadvisor.com','725-349-8097','user'),(119,'Gorden Koppeck','male','2023-03-05','Stockholm','gkoppeck3a@smugmug.com','998-697-4774','admin'),(120,'Ronny Willeson','male','1968-06-23','Oleszyce','rwilleson3b@tinyurl.com','276-363-2641','admin'),(121,'Ottilie Hollingshead','female','2003-12-31','Pasarbaru','ohollingshead3c@ft.com','244-917-7445','admin'),(122,'Mommy Dunabie','female','2009-04-01','Tonga','mdunabie3d@ibm.com','499-975-6107','admin'),(123,'Garnet Bollis','female','1950-10-01','Hinvi','gbollis3e@slashdot.org','721-816-4416','admin'),(124,'Ardis Barcke','female','1951-09-22','Florianópolis','abarcke3f@xing.com','426-505-2710','admin'),(125,'Frederico Daveran','male','1963-03-22','Gouqi','fdaveran3g@state.tx.us','579-310-9449','user'),(126,'Anderea Dominguez','female','2016-07-25','Siemiechów','adominguez3h@ustream.tv','855-595-3831','user'),(127,'Averill Cicchillo','male','1952-03-08','Washington','acicchillo3i@guardian.co.uk','202-205-4697','user'),(128,'Crosby Lemar','male','1987-06-27','Nastola','clemar3j@rediff.com','614-456-7947','user'),(129,'Alessandra Overil','female','1963-02-07','Shreveport','aoveril3k@skyrock.com','318-835-8868','user'),(130,'Rand Gaspard','male','1991-02-11','Tagoloan','rgaspard3l@i2i.jp','263-837-1912','user'),(131,'Harlin Steen','male','2023-04-02','Havirga','hsteen3m@reddit.com','356-759-7409','admin'),(132,'Nelly Quartly','female','1952-07-17','Luanda','nquartly3n@europa.eu','712-522-8966','admin'),(133,'Perry Milbourne','female','2005-06-20','Bokat','pmilbourne3o@imgur.com','440-567-1541','admin'),(134,'Zebedee Bircher','male','1957-02-07','Kenyau','zbircher3p@hp.com','840-797-7079','admin'),(135,'Adrian Coling','male','1966-04-16','Hongjiang','acoling3q@imdb.com','332-914-8524','admin'),(136,'Rube Taks','male','1997-03-04','Tawa','rtaks3r@cnbc.com','440-291-8289','user'),(137,'Elberta Craigs','female','1999-03-18','Charagua','ecraigs3s@bigcartel.com','109-836-6581','admin'),(138,'Katrinka Lammertz','female','1973-02-12','Árgos','klammertz3t@npr.org','887-265-1401','user'),(139,'Alexis Riden','male','1984-09-14','Ārt Khwājah','ariden3u@wikispaces.com','867-513-2944','user'),(140,'Rochette Haines','female','2015-01-21','Świeradów-Zdrój','rhaines3v@zdnet.com','428-305-9512','user'),(141,'Cristine Carlin','female','2015-02-24','Zduńska Wola','ccarlin3w@skype.com','442-234-7450','user'),(142,'Waldon Rennie','male','2021-01-15','Timbó','wrennie3x@msn.com','503-599-3186','admin'),(143,'Flory Milnthorpe','female','1956-02-19','Cândido Mota','fmilnthorpe3y@sina.com.cn','617-601-9119','user'),(144,'Cobby Kosiada','male','2003-06-27','Genova','ckosiada3z@vistaprint.com','385-559-2711','admin'),(145,'April Vella','female','2006-08-13','Louka','avella40@blogspot.com','361-143-4552','user'),(146,'Odelia Aery','female','1980-10-09','Perlez','oaery41@sogou.com','695-776-1836','user'),(147,'Lara Burdell','female','1958-04-22','Indianapolis','lburdell42@163.com','317-387-3696','admin'),(148,'Jonell Nancekivell','female','1974-02-02','Nusajaya','jnancekivell43@arstechnica.com','814-451-8417','admin'),(149,'Serene Andrzejczak','female','1979-03-31','Ādilpur','sandrzejczak44@tinypic.com','506-275-5101','admin'),(150,'Rahel Elcoat','female','1984-02-09','Anticala','relcoat45@nytimes.com','386-159-2757','admin'),(151,'Kakalina Giddons','female','1976-09-25','Lębork','kgiddons46@ifeng.com','742-311-5094','admin'),(152,'Margot Ellyatt','female','2011-03-31','Lamotrek','mellyatt47@sbwire.com','392-472-9304','admin'),(153,'Clarence Mitchenson','male','1951-06-14','San Carlos','cmitchenson48@apache.org','322-540-6816','user'),(154,'Jarib Muggeridge','male','1989-02-05','Turośń Kościelna','jmuggeridge49@ovh.net','277-263-7312','admin'),(155,'Erastus Grishmanov','male','2000-04-29','Genova','egrishmanov4a@psu.edu','732-317-2976','admin'),(156,'Stanwood Wisniewski','male','2001-09-08','Shahr-e Bābak','swisniewski4b@baidu.com','755-587-1018','user'),(157,'Honey Rathborne','female','1967-08-31','Xinqiao','hrathborne4c@eventbrite.com','188-428-3636','admin'),(158,'Silvio Hewson','male','1990-04-09','Turtas','shewson4d@tumblr.com','450-827-3950','user'),(159,'Esdras Arent','male','1983-11-22','Vilnius','earent4e@unicef.org','539-520-3012','user'),(160,'Jolynn Goldhill','female','1966-01-15','Krajan Tanjungrejo','jgoldhill4f@51.la','977-396-2633','admin'),(161,'Nadya Chipman','female','1956-07-26','Zaraysk','nchipman4g@slashdot.org','855-973-9941','user'),(162,'Ranna Posselwhite','female','1974-12-05','Ishqoshim','rposselwhite4h@vkontakte.ru','223-839-6721','admin'),(163,'Kendell McRuvie','male','2015-01-03','Rio Pardo','kmcruvie4i@dmoz.org','714-703-1738','user'),(164,'Aguistin McPeice','male','2021-07-21','Kazanlŭk','amcpeice4j@blogtalkradio.com','847-977-8902','admin'),(165,'Gris Bransgrove','male','1989-10-12','Acandí','gbransgrove4k@narod.ru','346-321-6867','user'),(166,'Preston Higgan','male','1977-10-22','Parbatipur','phiggan4l@webeden.co.uk','553-642-7134','admin'),(167,'Aline Rowett','female','2009-08-15','Reisdorf','arowett4m@telegraph.co.uk','768-516-3493','admin'),(168,'Zorina Mashro','female','1959-11-07','Jatisari','zmashro4n@theatlantic.com','350-352-9109','admin'),(169,'Sargent Matthis','male','1962-04-03','Toužim','smatthis4o@ovh.net','611-612-7098','user'),(170,'Sheri Gauler','female','1983-02-11','Söderhamn','sgauler4p@dell.com','450-594-2005','admin'),(171,'Dyana Alastair','female','1984-06-17','Magisterial','dalastair4q@php.net','531-168-1342','user'),(172,'Franny Forbes','female','2002-05-18','Xiaoyue','fforbes4r@com.com','662-161-0092','admin'),(173,'Maxie Griswaite','female','2009-12-09','Hà Đông','mgriswaite4s@theatlantic.com','777-582-9284','admin'),(174,'Karin Godwyn','female','1996-09-13','Liqi','kgodwyn4t@nbcnews.com','255-104-9213','user'),(175,'Townsend Plascott','male','1993-03-13','Örebro','tplascott4u@ibm.com','321-841-0819','admin'),(176,'Munroe Lorain','male','1998-04-06','Seoam','mlorain4v@mtv.com','947-839-8760','user'),(177,'Saba Sexton','female','1967-05-30','Ilopango','ssexton4w@goodreads.com','261-293-6024','user'),(178,'Pris Bertlin','female','1998-10-10','Poligny','pbertlin4x@yale.edu','862-865-2405','admin'),(179,'Odey Lippitt','male','1989-09-12','Malczyce','olippitt4y@gravatar.com','380-608-3945','admin'),(180,'Joannes Riddiough','female','1978-11-07','Tembladera','jriddiough4z@wikispaces.com','780-130-8555','user'),(181,'Hester Brisset','female','1994-03-29','Rönninge','hbrisset50@nydailynews.com','976-583-8329','user'),(182,'Adams Boothman','male','2022-03-20','Hidalgo','aboothman51@1688.com','946-845-9089','admin'),(183,'Rozella Gerler','female','2001-03-06','Helsingborg','rgerler52@deviantart.com','310-125-1934','user'),(184,'Elberta Giffin','female','2001-08-10','Luodian','egiffin53@imgur.com','104-852-4806','admin'),(185,'Noelle Vasyukov','female','1978-11-21','Baracatan','nvasyukov54@craigslist.org','192-767-5945','user'),(186,'Gratiana Overall','female','2014-10-01','Seydi','goverall55@nsw.gov.au','250-302-4435','admin'),(187,'Cherry Brockton','female','1955-08-18','Rizal','cbrockton56@github.io','883-358-5702','admin'),(188,'Ingemar Lumbley','male','1957-08-24','Tegina','ilumbley57@homestead.com','386-214-8020','admin'),(189,'Corny Krink','male','2004-10-04','Tawangrejo','ckrink58@nsw.gov.au','229-258-3277','admin'),(190,'Marcus Constantine','male','1990-09-09','Yangp\'yŏng','mconstantine59@sciencedaily.com','607-183-3149','user'),(191,'Rockwell Bestiman','male','1965-07-14','Jiefang','rbestiman5a@eepurl.com','384-103-4284','admin'),(192,'Abie Doudney','male','1968-07-25','Shkotovo','adoudney5b@cloudflare.com','293-768-9332','admin'),(193,'Brewster Pautard','male','2007-09-28','Leeuwarden','bpautard5c@psu.edu','591-694-1499','user'),(194,'Romy Benedicte','female','1983-05-08','Pyatigorsk','rbenedicte5d@yelp.com','892-289-2060','user'),(195,'Levy Scneider','male','2010-04-17','San Antonio','lscneider5e@oaic.gov.au','562-317-1038','admin'),(196,'Joni Drynan','female','1992-08-12','Daqian','jdrynan5f@harvard.edu','484-781-8750','user'),(197,'Anestassia Slafford','female','1972-01-13','Yunluo','aslafford5g@1und1.de','982-149-1379','user'),(198,'Alard Sartain','male','1955-12-19','Menuma','asartain5h@lycos.com','234-862-3166','user'),(199,'Raquela Haddeston','female','2019-01-21','Krajan Alastengah','rhaddeston5i@google.cn','935-627-3964','user'),(200,'Web Lorenz','male','1981-05-27','Banjar Swastika','wlorenz5j@ucoz.ru','753-292-7432','admin'),(201,'Rory Poulter','male','1993-10-09','Chengqu','rpoulter5k@indiatimes.com','574-987-2918','user'),(202,'Kenny McIlory','male','1962-11-12','Erie','kmcilory5l@bizjournals.com','814-968-3740','admin'),(203,'Elvina Wehner','female','1990-07-29','Thaton','ewehner5m@google.com','497-544-6860','user'),(204,'Max Gillan','female','1995-09-27','Dachnoye','mgillan5n@digg.com','376-518-1991','admin'),(205,'Corbie Tinniswood','male','1971-12-31','Rucheng Chengguanzhen','ctinniswood5o@icq.com','468-725-4920','admin'),(206,'Kamillah Rolance','female','2008-08-05','Krasnogorskoye','krolance5p@fastcompany.com','482-755-0395','user'),(207,'Ringo Graffin','male','2010-10-30','Bagorejo','rgraffin5q@etsy.com','396-689-1783','admin'),(208,'Bronnie Hubery','male','2001-07-16','Port Hawkesbury','bhubery5r@apple.com','103-751-7794','user'),(209,'Vivyan Cronk','female','1988-06-05','Ercheng','vcronk5s@rambler.ru','615-275-4621','admin'),(210,'Whit Lorkins','male','2018-08-14','Mufulira','wlorkins5t@dagondesign.com','636-553-3323','admin'),(211,'Hallsy Jikovsky','male','1976-07-18','Carlos Casares','hjikovsky5u@unicef.org','868-769-4711','user'),(212,'Bondy Roddell','male','1990-01-20','Ciseureuheun','broddell5v@canalblog.com','500-760-0569','user'),(213,'Harwilll Howden','male','1973-02-10','Mambago','hhowden5w@imgur.com','795-326-7596','user'),(214,'Ethan Pyson','male','1977-05-09','Vilppula','epyson5x@free.fr','261-164-8592','admin'),(215,'Christean Myford','female','2004-11-14','Dajanrurung','cmyford5y@vimeo.com','787-567-9135','user'),(216,'Juanita Quiddinton','female','2014-08-13','Balitai','jquiddinton5z@ca.gov','668-631-8667','user'),(217,'Jordana Ace','female','1963-09-01','Yuanjue','jace60@eepurl.com','664-919-9865','admin'),(218,'Sarette Hargreaves','female','2010-11-20','Kista','shargreaves61@cmu.edu','559-446-5512','admin'),(219,'Laurella Roderham','female','2003-11-09','Taganskiy','lroderham62@topsy.com','955-968-3783','user'),(220,'Kacie Ledgley','female','1982-09-13','Guariba','kledgley63@google.ru','615-357-2866','user'),(221,'Allie Vigars','male','2004-10-08','Obispos','avigars64@cocolog-nifty.com','931-117-8271','admin'),(222,'Elroy Coiley','male','1991-06-21','Cipadung Timur','ecoiley65@drupal.org','617-331-3028','admin'),(223,'Harlan Callery','male','1999-08-21','Dushan','hcallery66@foxnews.com','804-320-1596','user'),(224,'Debera Lacroutz','female','1986-05-30','Berlin','dlacroutz67@yolasite.com','877-316-4615','admin'),(225,'Gisele Kippie','female','1970-06-02','Formosa','gkippie68@cdc.gov','627-423-6177','user'),(226,'Zoe Liverock','female','2009-03-07','Rijeka','zliverock69@twitter.com','892-734-9044','admin'),(227,'Beverly Bagshawe','female','1952-07-03','Hitachi','bbagshawe6a@csmonitor.com','181-701-7556','user'),(228,'Moshe Orchard','male','1990-07-03','Kamo','morchard6b@123-reg.co.uk','230-117-6080','user'),(229,'Ernesta Beckey','female','2014-11-28','Ban Phaeo','ebeckey6c@mysql.com','788-255-6494','admin'),(230,'Vivi Alam','female','1964-03-16','Khromtau','valam6d@squarespace.com','297-717-4811','admin'),(231,'Annalee Harback','female','2020-06-01','Nova Kakhovka','aharback6e@pagesperso-orange.fr','536-938-1966','user'),(232,'Ryley Suttie','male','1982-04-20','Paris 12','rsuttie6f@xinhuanet.com','268-420-2401','admin'),(233,'Bret Muspratt','male','1969-08-23','Kilkís','bmuspratt6g@istockphoto.com','309-739-4319','admin'),(234,'Eadmund Heyfield','male','1989-07-07','Banjar Timbrah','eheyfield6h@w3.org','910-161-8271','admin'),(235,'Christabel Aglione','female','2016-11-17','Galapa','caglione6i@example.com','323-902-4088','admin'),(236,'Tamas Farey','male','1960-01-01','Dembī Dolo','tfarey6j@linkedin.com','350-614-5826','admin'),(237,'Arnuad Alleyne','male','1974-04-10','Severoural’sk','aalleyne6k@wikipedia.org','111-869-4397','user'),(238,'Ryley Glashby','male','1969-03-17','Huacho','rglashby6l@icio.us','572-361-3304','user'),(239,'Misti Jent','female','1954-04-09','Tagbacan Ibaba','mjent6m@nhs.uk','607-623-0967','admin'),(240,'Quinn Genge','female','2010-08-09','Tubarão','qgenge6n@va.gov','305-231-9526','admin'),(241,'Andy Robilart','female','1958-05-26','Qingshanhu','arobilart6o@forbes.com','817-631-6307','admin'),(242,'Sisely Phoenix','female','1982-01-08','Mukacheve','sphoenix6p@jimdo.com','159-458-4160','admin'),(243,'Allegra Ellerton','female','1953-03-31','Nakhabino','aellerton6q@noaa.gov','798-713-0061','admin'),(244,'Veriee Kienlein','female','2009-12-28','Gomel','vkienlein6r@wsj.com','219-611-4518','user'),(245,'Kathye MacGarrity','female','1979-03-23','Valparaíso','kmacgarrity6s@loc.gov','364-670-6905','admin'),(246,'Biddie Phelips','female','1957-01-21','Rancaerang','bphelips6t@google.fr','979-645-9541','admin'),(247,'Sarge Carsey','male','1977-04-04','Pata','scarsey6u@51.la','995-546-0463','user'),(248,'Robbi Tammadge','female','1995-06-19','Neuquén','rtammadge6v@discuz.net','191-408-3533','admin'),(249,'Conrade Tumioto','male','1968-04-17','Welisara','ctumioto6w@deliciousdays.com','752-420-4493','user'),(250,'Zechariah Drohan','male','1995-10-28','Otradnoye','zdrohan6x@usnews.com','318-348-6335','user'),(251,'Ibrahim Neath','male','2006-06-21','Mont-Saint-Aignan','ineath6y@blogtalkradio.com','454-933-1849','admin'),(252,'Susette Ferrini','female','1959-05-09','Stalís','sferrini6z@mozilla.org','244-492-7499','user'),(253,'Rand Hukins','male','2020-11-13','Fontem','rhukins70@mashable.com','980-974-5191','user'),(254,'Herbert Gerlts','male','2020-04-01','Leiyang','hgerlts71@washington.edu','785-598-1012','user'),(255,'Leona Coxhead','female','1954-07-07','T’aebaek','lcoxhead72@stumbleupon.com','636-853-7359','user'),(256,'Mattheus Ayce','male','2003-10-24','Leticia','mayce73@dedecms.com','761-362-7421','user'),(257,'Bar Midden','male','2005-09-04','Solnechnogorsk','bmidden74@cdc.gov','508-921-0043','admin'),(258,'Ninette Janway','female','2023-03-28','Gubin','njanway75@nytimes.com','662-960-2821','admin'),(259,'Lissi Fielder','female','1989-06-11','Luqiao','lfielder76@macromedia.com','313-829-6703','user'),(260,'Sephira Jekel','female','1982-06-27','Nova Prata','sjekel77@psu.edu','362-220-9134','admin'),(261,'Catherina Poll','female','1978-01-07','San Rafael','cpoll78@prlog.org','190-488-2736','admin'),(262,'Karla Mostin','female','1978-05-20','Taozhuang','kmostin79@dell.com','281-734-2145','user'),(263,'Salvidor Dyment','male','2020-08-15','Ormož','sdyment7a@soup.io','347-531-6041','user'),(264,'Britteny Scay','female','1950-09-30','Patea','bscay7b@networksolutions.com','921-954-7627','admin'),(265,'Lotte Simonian','female','1977-03-11','Koupéla','lsimonian7c@berkeley.edu','400-886-6023','admin'),(266,'Perry Sporrij','male','2023-04-18','Prior Velho','psporrij7d@csmonitor.com','924-772-5938','admin'),(267,'Fransisco Pygott','male','2010-07-16','Liushutun','fpygott7e@hibu.com','876-163-6134','user'),(268,'Jacques Broose','male','1966-05-07','Xiwang','jbroose7f@ebay.co.uk','229-788-1132','admin'),(269,'Keriann Thumim','female','1967-09-16','West Palm Beach','kthumim7g@ow.ly','772-425-5628','admin'),(270,'Kirbie McDell','female','2002-07-24','Xinfengjie','kmcdell7h@livejournal.com','949-795-1541','admin'),(271,'Roscoe Matschoss','male','2012-08-18','Kilju','rmatschoss7i@eventbrite.com','809-240-4748','user'),(272,'Zahara GiacobbiniJacob','female','1967-04-16','Timbrangan','zgiacobbinijacob7j@tinyurl.com','576-741-7982','user'),(273,'Bernard Dumbrill','male','2018-02-10','Cergy-Pontoise','bdumbrill7k@home.pl','201-145-0453','user'),(274,'Deb Suckling','female','1967-11-29','Icononzo','dsuckling7l@themeforest.net','220-174-2353','admin'),(275,'Roderick Detheridge','male','1986-04-29','Tsant','rdetheridge7m@reuters.com','406-933-5092','admin'),(276,'Allegra Grimmett','female','1956-06-16','Tunggulsari','agrimmett7n@cbsnews.com','203-767-8056','admin'),(277,'Amabel Marty','female','2023-03-17','Melaka','amarty7o@nytimes.com','633-913-4090','user'),(278,'Adamo Mourant','male','1985-11-17','Bailianhe','amourant7p@ycombinator.com','404-406-4739','admin'),(279,'Ardelia Banton','female','1999-12-02','Vila Fria','abanton7q@craigslist.org','457-939-4619','admin'),(280,'Pete Mercik','male','1966-12-28','Dayu','pmercik7r@dailymail.co.uk','314-922-9957','admin'),(281,'Shaun Farfoot','female','1994-06-01','Tyachiv','sfarfoot7s@phpbb.com','509-824-4900','admin'),(282,'Flint Backshall','male','1989-11-09','Wulin','fbackshall7t@amazon.de','183-601-4599','user'),(283,'Sherlocke Hutable','male','2015-09-12','San Pedro','shutable7u@bigcartel.com','468-831-2291','admin'),(284,'Vera Eul','female','1986-10-23','Mahdia','veul7v@chron.com','239-718-9767','user'),(285,'Stu Couldwell','male','1966-10-30','Pishaj','scouldwell7w@webmd.com','908-585-6167','user'),(286,'Wenonah Greenmon','female','2004-05-07','Cirateun','wgreenmon7x@qq.com','612-243-4622','user'),(287,'Angel Collyer','male','1965-04-30','Jishi','acollyer7y@mozilla.org','586-698-8277','user'),(288,'Russ Alvarez','male','2004-05-09','Pilar','ralvarez7z@topsy.com','833-604-5672','user'),(289,'Gina Velasquez','female','1996-09-27','Dallas','gvelasquez80@constantcontact.com','972-576-4513','admin'),(290,'Nero Olorenshaw','male','2006-12-13','Naushki','nolorenshaw81@e-recht24.de','407-724-4443','admin'),(291,'Rickert Ivanuschka','male','1989-02-04','Medellín','rivanuschka82@nydailynews.com','100-964-0013','user'),(292,'Galina Guye','female','2012-11-22','Eshan','gguye83@washington.edu','276-797-6118','user'),(293,'Danette Carnegie','female','2013-09-26','Nuing','dcarnegie84@buzzfeed.com','485-990-6399','user'),(294,'Barret Plom','male','2010-07-20','Tuojiang','bplom85@twitter.com','289-158-7023','user'),(295,'Manya Morcombe','female','1994-04-01','Mufumbwe','mmorcombe86@cafepress.com','508-484-2769','user'),(296,'Rosco Braybrookes','male','2018-04-20','Luxi','rbraybrookes87@china.com.cn','163-986-9188','user'),(297,'Lucien Drinkhall','male','2017-02-05','Gachancipá','ldrinkhall88@guardian.co.uk','359-382-9672','user'),(298,'Barris Cadore','male','1993-11-03','Nabīnagar','bcadore89@europa.eu','993-401-2020','admin'),(299,'Perle O\'Dennehy','female','1980-07-19','Xinzheng','podennehy8a@tripod.com','285-229-1955','user'),(300,'Krishnah Armatage','male','1980-04-07','Morohongō','karmatage8b@nih.gov','584-436-5882','user'),(301,'Minna Lokier','female','1984-05-08','Talavera','mlokier8c@networksolutions.com','288-312-7900','admin'),(302,'Glennie Sebright','female','1959-12-24','Lajarik','gsebright8d@hhs.gov','951-906-9745','user'),(303,'Sherlock Palmby','male','2004-12-31','Arapongas','spalmby8e@soundcloud.com','107-492-3590','user'),(304,'Myrvyn Fanton','male','1952-03-30','Guarapuava','mfanton8f@list-manage.com','642-527-3277','user'),(305,'Emyle Filchagin','female','1969-04-03','Gravataí','efilchagin8g@jigsy.com','885-963-3895','admin'),(306,'Sayer Arnopp','male','2019-06-02','Bantu','sarnopp8h@about.me','507-941-5815','user'),(307,'Cacilie Gofford','female','1963-01-04','Jēkabpils','cgofford8i@opera.com','174-611-2053','admin'),(308,'Hilly Tumini','male','1997-11-28','Gajiram','htumini8j@histats.com','993-897-2764','admin'),(309,'Hamnet Yetton','male','2015-03-25','Peddie','hyetton8k@umich.edu','871-707-5478','admin'),(310,'Ernesta Tiplady','female','2000-09-12','Zhenping Chengguanzhen','etiplady8l@arstechnica.com','664-120-8202','admin'),(311,'Cleo Rude','female','1968-09-24','Rizhao','crude8m@flickr.com','339-343-9073','admin'),(312,'Tamarra Calwell','female','1952-08-28','Beskolen','tcalwell8n@army.mil','402-360-8973','user'),(313,'Will Banister','male','1983-12-13','Zagreb','wbanister8o@washingtonpost.com','102-813-4112','admin'),(314,'Sandor Neagle','male','1988-03-04','Dzorastan','sneagle8p@vk.com','362-473-9975','admin'),(315,'Quint Siebert','male','1996-05-14','Luzhou','qsiebert8q@vimeo.com','918-511-4033','user'),(316,'Janella Eidelman','female','2021-05-14','Miguel Hidalgo','jeidelman8r@sciencedirect.com','298-547-1734','user'),(317,'Barny Pettis','male','1971-11-24','Jakhaly','bpettis8s@imdb.com','185-660-5929','user'),(318,'Dulsea Dibbin','female','2012-09-23','Sanlidian','ddibbin8t@eepurl.com','584-172-8217','user'),(319,'Hildy Poor','female','1964-04-03','Andalucía','hpoor8u@smh.com.au','295-244-2697','user'),(320,'Benson Hildred','male','1956-09-07','Yegorlykskaya','bhildred8v@bing.com','929-224-6326','admin'),(321,'Mildred Paulillo','female','1958-10-22','Czarków','mpaulillo8w@tamu.edu','896-443-7366','admin'),(322,'Dav Dayne','male','1987-01-07','Portelândia','ddayne8x@fema.gov','745-438-9187','user'),(323,'Elijah Viollet','male','1981-01-13','Bouaké','eviollet8y@about.com','598-608-8020','user'),(324,'Gavra Gulc','female','1984-10-28','Debark’','ggulc8z@w3.org','836-323-6301','user'),(325,'Linnell Orrobin','female','1978-03-26','Puerto Natales','lorrobin90@hubpages.com','709-831-7668','admin'),(326,'Rosmunda Marie','female','1987-09-11','Washington','rmarie91@diigo.com','202-802-0042','admin'),(327,'Amalita Armes','female','1980-04-01','Eenhana','aarmes92@over-blog.com','241-633-4478','user'),(328,'Shayna Bradick','female','2002-12-27','Luwu','sbradick93@dailymail.co.uk','466-528-8874','user'),(329,'Hailee McLugish','female','2022-01-28','Tuqiao','hmclugish94@webs.com','892-270-4996','user'),(330,'Tildy Cotesford','female','1964-06-10','El Coco','tcotesford95@i2i.jp','202-976-3658','admin'),(331,'Chadwick Elsdon','male','1987-11-30','Łęki','celsdon96@businesswire.com','706-346-7894','user'),(332,'Nowell Skeldon','male','2022-01-20','Macapá','nskeldon97@a8.net','290-963-2243','admin'),(333,'Aldric Downes','male','2016-03-15','Matang','adownes98@etsy.com','359-945-8694','admin'),(334,'Stepha McTerry','female','1972-06-10','Palatine','smcterry99@dagondesign.com','847-457-3122','user'),(335,'Obidiah Scrane','male','1996-05-19','Solânea','oscrane9a@cnet.com','873-114-7941','admin'),(336,'Goldarina Sobczak','female','1950-11-21','Nansha','gsobczak9b@qq.com','289-202-2306','user'),(337,'Findley Langlais','male','2021-10-04','Ishurdi','flanglais9c@nsw.gov.au','365-215-1042','admin'),(338,'Dougie De\'Vere - Hunt','male','2002-12-02','San Cosme y Damián','ddevere9d@linkedin.com','284-221-3799','user'),(339,'Elizabet Fitchett','female','1978-05-30','Xinmin','efitchett9e@kickstarter.com','949-462-6975','admin'),(340,'Ebba Girke','female','1951-08-23','Novopokrovka','egirke9f@furl.net','174-228-9477','admin'),(341,'Ruthann Colls','female','2008-10-17','Changshan','rcolls9g@dailymotion.com','690-935-1696','user'),(342,'Correna Lamberth','female','1968-12-11','Bacong','clamberth9h@apple.com','767-668-9811','user'),(343,'Reeta Bainbrigge','female','1959-08-31','Afareaitu','rbainbrigge9i@blogspot.com','167-860-4160','admin'),(344,'Daphna Corter','female','1991-05-08','Saint Croix','dcorter9j@biblegateway.com','600-708-9390','user'),(345,'Austin De Roeck','female','1980-11-13','Isiro','ade9k@studiopress.com','708-931-0256','admin'),(346,'Sampson Seawright','male','1978-07-24','Paris 04','sseawright9l@google.co.jp','955-881-2396','user'),(347,'Lynnet Pontefract','female','1957-12-26','Novhorod-Sivers’kyy','lpontefract9m@si.edu','863-567-6739','admin'),(348,'Lonnard Richardt','male','1983-01-14','Águas','lrichardt9n@jugem.jp','841-772-0110','user'),(349,'Aundrea Silveston','female','2007-11-02','Blessington','asilveston9o@wordpress.org','774-512-0080','user'),(350,'Noll Thirlwell','male','2019-10-24','Chivilcoy','nthirlwell9p@typepad.com','635-677-9535','user'),(351,'Gunner Verzey','male','2014-12-06','Kemiri','gverzey9q@cdc.gov','456-320-6807','user'),(352,'Elsworth Poad','male','1975-05-07','Strasbourg','epoad9r@who.int','207-972-3225','user'),(353,'Lesley McPhillimey','female','2010-10-02','Santa Cruz de Barahona','lmcphillimey9s@yolasite.com','827-591-5384','admin'),(354,'Finlay Pengelly','male','2017-07-12','Zhongcun','fpengelly9t@who.int','572-416-1406','admin'),(355,'Janot Redwall','female','2015-01-07','Pacet','jredwall9u@oakley.com','671-709-7939','admin'),(356,'Rhett Rasper','male','1982-01-11','Lüfeng','rrasper9v@naver.com','753-126-0521','admin'),(357,'Carlo Menault','male','1969-07-06','Orissaare','cmenault9w@example.com','415-709-9925','user'),(358,'Ricoriki Asty','male','1957-04-15','Kutloanong','rasty9x@phoca.cz','575-202-7275','user'),(359,'Conrad Hallmark','male','1973-01-21','Castelo de Vide','challmark9y@ebay.co.uk','339-831-6022','user'),(360,'Padgett Kippen','male','1980-03-16','Yeping','pkippen9z@etsy.com','850-847-2939','user'),(361,'Agathe Tessier','female','2020-10-09','Verona','atessiera0@drupal.org','101-247-9229','admin'),(362,'Fonzie Cheson','male','1976-07-26','Aurora','fchesona1@google.ru','303-445-5505','admin'),(363,'Rhodie Balharry','female','2009-11-29','Hepu','rbalharrya2@taobao.com','202-438-4375','admin'),(364,'Yettie Bimrose','female','1962-06-14','Giv\'on HaHadasha','ybimrosea3@over-blog.com','150-873-8619','admin'),(365,'Koressa Lavielle','female','2019-12-09','Nīkshahr','klaviellea4@cisco.com','793-516-7170','user'),(366,'Dasha Sasser','female','1974-09-09','Sungaigerong','dsassera5@engadget.com','450-771-5675','user'),(367,'Helga Rakestraw','female','1960-03-02','Pashkovskiy','hrakestrawa6@ucoz.com','849-288-5853','user'),(368,'Darnell Clench','male','2004-05-27','Julun','dclencha7@angelfire.com','429-521-9988','user'),(369,'Clemmy Cayser','female','1992-10-09','Ranao','ccaysera8@vinaora.com','544-268-2870','user'),(370,'Jodie Francesch','male','2001-10-13','Czarnowąsy','jfrancescha9@alibaba.com','586-492-2722','user'),(371,'Hayyim Wellstead','male','1969-04-09','Imaan','hwellsteadaa@ucoz.ru','524-695-6937','user'),(372,'Cori Hutchcraft','female','1974-05-04','Koło','chutchcraftab@sfgate.com','285-232-7430','user'),(373,'Emmott Cowlard','male','2006-01-12','Polje','ecowlardac@technorati.com','537-865-5725','user'),(374,'Kelley Trippitt','female','1978-10-15','Borgarnes','ktrippittad@accuweather.com','186-225-6308','admin'),(375,'Zitella Axel','female','2023-05-01','Axioúpoli','zaxelae@disqus.com','655-206-6567','user'),(376,'Natassia Scola','female','1963-02-24','Nyima','nscolaaf@fastcompany.com','223-852-3386','user'),(377,'Hedda Chaff','female','1971-09-18','Hwasun','hchaffag@blog.com','651-213-5382','admin'),(378,'Jo-anne Peel','female','2003-10-04','Berlín','jpeelah@buzzfeed.com','515-554-7557','user'),(379,'Earl Blint','male','2010-11-09','Hwacheon','eblintai@jiathis.com','564-234-3916','user'),(380,'Ezri Bleazard','male','1951-03-13','Ampanihy','ebleazardaj@newsvine.com','375-461-8203','admin'),(381,'Thibaud Druett','male','2021-09-03','Balingueo','tdruettak@who.int','646-801-8547','user'),(382,'Casar Leile','male','1973-02-26','Bahía Blanca','cleileal@webnode.com','807-929-7138','admin'),(383,'Daffi Collings','female','2013-07-28','Liyang','dcollingsam@pbs.org','516-144-5303','admin'),(384,'Miguelita Witter','female','2003-01-13','Galtek','mwitteran@sitemeter.com','911-365-4441','admin'),(385,'Basile Askwith','male','1992-10-27','Arlington','baskwithao@dyndns.org','571-620-8464','admin'),(386,'Dawna Kenefick','female','1975-06-05','Werangere','dkenefickap@sina.com.cn','811-101-6510','admin'),(387,'My Tunnock','male','1993-07-08','Tanguá','mtunnockaq@mit.edu','967-428-1124','admin'),(388,'Jedd Macken','male','1998-06-01','Tatsunochō-tominaga','jmackenar@networksolutions.com','421-553-3405','admin'),(389,'Freeland Barday','male','1961-11-08','Ankazobe','fbardayas@wordpress.com','302-505-2761','admin'),(390,'Luther Burgoin','male','1993-10-26','Pohang','lburgoinat@bizjournals.com','475-721-5233','user'),(391,'Timotheus Ticehurst','male','1998-06-05','Monamon','tticehurstau@ifeng.com','958-369-0883','admin'),(392,'Sibyl Munnis','male','1991-02-03','Oslo','smunnisav@google.nl','604-756-5824','admin'),(393,'Simmonds Huggill','male','2005-02-19','Czarna','shuggillaw@skyrock.com','935-136-7448','admin'),(394,'Caty Beentjes','female','1960-03-26','Palmdale','cbeentjesax@rakuten.co.jp','661-643-5169','user'),(395,'Rudyard Gors','male','1958-10-13','Budapest','rgorsay@4shared.com','681-582-0599','admin'),(396,'Sim Curran','male','2009-12-31','Shangqiu','scurranaz@hexun.com','224-509-7877','admin'),(397,'Ellary Skelhorne','male','1997-02-15','Khakhea','eskelhorneb0@slideshare.net','353-769-6569','user'),(398,'Chip Farryan','male','2010-10-14','Gijon','cfarryanb1@geocities.jp','317-950-0567','admin'),(399,'Helge Carlton','female','1957-03-02','Susiec','hcarltonb2@berkeley.edu','107-723-0189','admin'),(400,'Norean Howorth','female','1959-10-24','Opatov','nhoworthb3@accuweather.com','278-608-5388','user'),(401,'Zebulen Sparrow','male','1979-11-30','Campaka','zsparrowb4@guardian.co.uk','323-320-5268','admin'),(402,'Alysa Killik','female','1963-09-02','Banjar Baleagung','akillikb5@umich.edu','280-947-3559','user'),(403,'Shelly Westpfel','female','1958-08-17','Alis','swestpfelb6@wikia.com','734-145-2900','admin'),(404,'Fleming Minico','male','1993-09-26','Ingarö','fminicob7@tuttocitta.it','128-852-5764','admin'),(405,'Sharl Flewin','female','1959-03-08','Perushtitsa','sflewinb8@imageshack.us','303-254-0920','admin'),(406,'Claribel Revie','female','2020-01-06','Kacha','crevieb9@usa.gov','928-918-4177','user'),(407,'Elisa Godard','female','1966-05-16','Codó','egodardba@joomla.org','715-236-2367','admin'),(408,'Dieter Henrichs','male','1990-10-06','Pedra Branca','dhenrichsbb@wikipedia.org','943-836-0791','user'),(409,'Florry Haselgrove','female','1997-07-11','Neochórion','fhaselgrovebc@spotify.com','964-747-8800','user'),(410,'Emanuel Antosik','male','1963-12-01','Cabeço de Vide','eantosikbd@storify.com','526-433-4464','admin'),(411,'Nye Saffell','male','1993-06-08','Jiangqiao','nsaffellbe@list-manage.com','917-435-0211','admin'),(412,'Rora Vischi','female','1990-08-26','Guiyang','rvischibf@sakura.ne.jp','117-388-9412','admin'),(413,'Darryl Wodeland','female','1968-03-31','Itaberaba','dwodelandbg@quantcast.com','675-152-0225','user'),(414,'Dyane Hover','female','1963-07-02','Putrajaya','dhoverbh@ed.gov','385-232-1068','admin'),(415,'Carmelina Kimbrey','female','1956-06-05','Drummondville','ckimbreybi@cdc.gov','456-245-9897','admin'),(416,'Sherie Bellew','female','1985-06-17','Nakhon Phanom','sbellewbj@ihg.com','417-915-1479','user'),(417,'Willi Schriren','female','1982-05-16','Kruševac','wschrirenbk@mozilla.com','802-405-3061','admin'),(418,'Loralee Kilgrew','female','1979-08-11','Banaba','lkilgrewbl@addthis.com','539-429-3870','admin'),(419,'Trude Aust','female','1990-03-24','Bidbid','taustbm@ca.gov','657-185-6237','admin'),(420,'Aldin Oldroyde','male','1992-09-29','Caicedonia','aoldroydebn@timesonline.co.uk','571-192-5789','user'),(421,'Basilio Denisyev','male','1993-12-04','Presidente Epitácio','bdenisyevbo@cnn.com','874-782-7229','admin'),(422,'Leoine Bewick','female','1983-08-07','Ngaoundéré','lbewickbp@furl.net','886-899-7708','user'),(423,'Kenton Lomas','male','2015-07-28','Zhangguanying','klomasbq@opensource.org','101-156-7415','user'),(424,'Dorthy MacRonald','female','1956-08-20','Lame','dmacronaldbr@merriam-webster.com','411-259-7793','admin'),(425,'Estevan Showers','male','1991-03-10','Qingguang','eshowersbs@craigslist.org','240-855-4329','admin'),(426,'Bowie Peirazzi','male','1970-05-11','Diveyevo','bpeirazzibt@xinhuanet.com','699-271-1940','user'),(427,'Herrick Duell','male','2000-09-22','Genzi','hduellbu@meetup.com','739-283-4534','admin'),(428,'Constance Teas','female','1994-04-16','Bafilo','cteasbv@thetimes.co.uk','626-362-2143','admin'),(429,'Royall Copestick','male','1971-08-24','Zhinvali','rcopestickbw@ucoz.ru','322-486-0604','user'),(430,'Sarge Kemmet','male','1988-05-05','Johnson City','skemmetbx@nifty.com','423-756-3282','admin'),(431,'Madlen Delgua','female','2000-06-02','Bayanbulag','mdelguaby@toplist.cz','152-870-3332','admin'),(432,'Marcy Frandsen','female','1994-01-16','Xianyang','mfrandsenbz@mashable.com','550-701-9596','user'),(433,'Avivah Dobie','female','1984-04-08','Zhanghua','adobiec0@dedecms.com','241-287-4128','user'),(434,'Garvin Curragh','male','1988-06-22','Lunsar','gcurraghc1@bloomberg.com','247-867-6759','user'),(435,'Mechelle Hendren','female','2019-05-31','Jiajiaying','mhendrenc2@netvibes.com','648-378-7598','user'),(436,'Murvyn Koba','male','2011-09-06','Cachipay','mkobac3@smugmug.com','473-539-9441','user'),(437,'Berthe Von Helmholtz','female','1967-01-29','Stockholm','bvonc4@theguardian.com','222-106-2714','admin'),(438,'Fleming Reasun','male','1978-04-19','Baixiang','freasunc5@miibeian.gov.cn','591-163-1390','admin'),(439,'Gerek Withey','male','1968-07-23','Hevlín','gwitheyc6@gizmodo.com','938-235-8677','user'),(440,'Rafaelia Mackinder','female','2014-02-17','Jadho','rmackinderc7@usa.gov','175-186-8983','admin'),(441,'Llewellyn Faveryear','male','1968-06-16','Minami-rinkan','lfaveryearc8@theglobeandmail.com','427-874-5222','admin'),(442,'Monty Terrill','male','2003-04-28','Tengger','mterrillc9@addthis.com','767-301-9241','user'),(443,'Justinian Dorbon','male','1950-10-07','Чучер - Сандево','jdorbonca@earthlink.net','865-704-0032','admin'),(444,'Gerick Elsay','male','1984-05-18','Dashuipo','gelsaycb@t-online.de','456-596-1935','admin'),(445,'Mattias Deverille','male','1972-03-27','Bangbayang','mdeverillecc@ask.com','576-295-3927','admin'),(446,'Elna Loftus','female','2000-12-30','Aleksotas','eloftuscd@aol.com','175-782-2673','user'),(447,'Ashlin Champkin','male','1954-10-17','Angers','achampkince@moonfruit.com','808-183-9321','user'),(448,'Marsha Rosone','female','1977-08-14','Suphan Buri','mrosonecf@instagram.com','206-306-4638','admin'),(449,'Eunice Ramplee','female','1980-09-08','Dapaong','erampleecg@unblog.fr','617-526-3492','user'),(450,'Templeton Gosnell','male','1957-01-28','Ivyanyets','tgosnellch@amazon.de','628-530-3730','admin'),(451,'Clarke Chamberlain','male','1979-10-07','Antony','cchamberlainci@rediff.com','434-418-0664','admin'),(452,'Julita Gorke','female','1983-07-30','Maño','jgorkecj@blog.com','199-229-4374','admin'),(453,'Correy Liddyard','female','1980-03-27','León','cliddyardck@phoca.cz','252-706-3087','admin'),(454,'Maegan Lascell','female','1979-07-28','Guyam Malaki','mlascellcl@ezinearticles.com','539-660-3327','user'),(455,'Laverne Robbert','female','1986-09-17','Huanxi','lrobbertcm@nhs.uk','629-822-6509','admin'),(456,'Julianne Whittick','female','1956-07-18','Tondabayashichō','jwhittickcn@berkeley.edu','219-435-1520','admin'),(457,'Chelsy Jandel','female','2007-02-21','Placer','cjandelco@craigslist.org','715-649-9589','admin'),(458,'Corey Kittman','female','2001-08-04','‘Ayn al ‘Arab','ckittmancp@last.fm','341-705-9409','admin'),(459,'Evelina Benza','female','1976-04-17','Chepo','ebenzacq@army.mil','389-551-3593','admin'),(460,'Ingamar Ciobutaru','male','2014-07-17','Marseille','iciobutarucr@bing.com','371-365-8678','user'),(461,'Jayme Gravatt','male','1966-05-07','Las Terrenas','jgravattcs@hostgator.com','699-954-1722','user'),(462,'Mychal Evert','male','1989-11-04','Mosteiró','mevertct@ihg.com','341-378-7910','user'),(463,'Ogdon Abrahamsen','male','2018-10-19','Krajan Tekung','oabrahamsencu@domainmarket.com','789-198-8255','user'),(464,'Karlik Dohms','male','2019-05-29','Mambusao','kdohmscv@rakuten.co.jp','347-158-2143','admin'),(465,'Tadio Breddy','male','2001-09-17','Lesnoye','tbreddycw@japanpost.jp','289-702-9975','user'),(466,'Rourke Antonognoli','male','1994-02-19','Ýpsonas','rantonognolicx@bandcamp.com','153-749-8972','admin'),(467,'Earle Denisard','male','1993-07-27','Akure','edenisardcy@miitbeian.gov.cn','718-582-9784','admin'),(468,'Lolita Fairholme','female','1992-04-24','Insua','lfairholmecz@amazon.de','537-821-9884','admin'),(469,'Damian Portinari','male','1977-08-12','Shijie','dportinarid0@canalblog.com','119-108-3833','admin'),(470,'Darnell Leece','male','1983-05-25','Jilin','dleeced1@phoca.cz','751-502-7298','admin'),(471,'Alva Beasleigh','male','1992-05-30','Santa Praxedes','abeasleighd2@qq.com','256-494-0655','admin'),(472,'Abba Corkel','male','1985-08-18','Jiuzhou','acorkeld3@mail.ru','295-986-9200','user'),(473,'Chrisse Kmietsch','male','1958-09-28','Il’inskiy','ckmietschd4@zdnet.com','834-126-7840','user'),(474,'Barrett Konerding','male','1993-03-21','Champaign','bkonerdingd5@hao123.com','217-959-7024','user'),(475,'Evonne Haseman','female','1978-09-22','San Jose','ehasemand6@parallels.com','650-158-4946','user'),(476,'Clive Adnet','male','1977-08-30','Xiaojin','cadnetd7@webmd.com','816-676-8518','user'),(477,'Suzette Roast','female','2013-10-19','Dresden','sroastd8@shinystat.com','896-105-9078','user'),(478,'Damian Cockett','male','1951-05-16','Carauari','dcockettd9@nih.gov','895-698-7202','admin'),(479,'Fabiano Kindread','male','1999-04-17','Tegalwero','fkindreadda@diigo.com','718-494-7894','admin'),(480,'Leslie Micheau','male','1965-01-06','Łęki','lmicheaudb@prweb.com','692-431-0239','user'),(481,'Josi Guiel','female','1991-05-24','Carriedo','jguieldc@google.com.br','200-441-3166','user'),(482,'Claudine Wight','female','2017-09-07','Tuapse','cwightdd@homestead.com','311-488-3462','admin'),(483,'Lois Bealing','female','2007-04-22','Khudāydād Khēl','lbealingde@feedburner.com','528-538-7151','admin'),(484,'Kermit Balchin','male','1999-01-04','Huaitu','kbalchindf@geocities.com','376-218-8428','admin'),(485,'Alexandre Farlamb','male','1965-09-09','Chicago','afarlambdg@msu.edu','708-185-2375','admin'),(486,'Bernarr Bendixen','male','2004-03-22','Yoshkar-Ola','bbendixendh@globo.com','500-591-8205','admin'),(487,'Ashton Cargo','male','1990-10-06','Hövsan','acargodi@umn.edu','656-449-5167','user'),(488,'Carl Leinster','male','1988-06-18','Beichan','cleinsterdj@wp.com','613-145-5640','admin'),(489,'Therine Greatham','female','1973-10-24','Linköping','tgreathamdk@theglobeandmail.com','617-382-3038','user'),(490,'Dynah Gooder','female','2004-05-03','Paratinga','dgooderdl@woothemes.com','871-521-9468','user'),(491,'Hansiain Somerled','male','1955-02-04','Leiden','hsomerleddm@twitpic.com','453-732-9646','admin'),(492,'Petronella Minillo','female','1961-01-12','Savyntsi','pminillodn@multiply.com','591-471-2987','admin'),(493,'Milka Owain','female','1987-05-12','Yelabuga','mowaindo@sogou.com','700-278-1819','admin'),(494,'Calley Swatten','female','1962-10-22','Parry Sound','cswattendp@xrea.com','982-330-3805','user'),(495,'Chrissy Bernholt','female','2005-11-18','Chantilly','cbernholtdq@sakura.ne.jp','152-347-8660','user'),(496,'Troy Astman','male','1998-05-11','Nangkasari','tastmandr@aboutads.info','525-527-0253','admin'),(497,'Risa Sheach','female','1960-08-20','Belica','rsheachds@edublogs.org','194-158-0081','admin'),(498,'Amata Valens-Smith','female','1958-02-11','Gawul','avalenssmithdt@stumbleupon.com','199-350-7369','admin'),(499,'Kathlin Dorsey','female','1977-04-02','Shuangkou','kdorseydu@about.me','539-155-6067','user'),(500,'Giselbert Duny','male','1985-11-25','Koltushi','gdunydv@sbwire.com','406-570-8477','admin'),(501,'Jania Pendrey','female','1988-09-15','Nam Kliang','jpendreydw@yandex.ru','386-810-5260','user'),(502,'Carny Rowbotham','male','2004-04-23','Lambton Shores','crowbothamdx@webeden.co.uk','749-441-1852','user'),(503,'Lewes Lenahan','male','2003-10-04','Jatiklampok','llenahandy@about.me','871-320-7668','user'),(504,'Henka Comellini','female','1957-09-11','Nizhnevartovsk','hcomellinidz@desdev.cn','123-425-6316','user'),(505,'Chere Paget','female','1995-11-29','Eslöv','cpagete0@cloudflare.com','733-364-7166','admin'),(506,'Phil Berni','female','1954-08-01','Kadubadak','pbernie1@sohu.com','924-283-8043','admin'),(507,'Agnes Tassell','female','2021-08-01','Vnanje Gorice','atasselle2@ca.gov','720-164-9407','admin'),(508,'Liuka Heffer','female','2020-08-20','Wenquan','lheffere3@thetimes.co.uk','637-702-0426','user'),(509,'Tanner Pibworth','male','2010-12-09','Jiqu','tpibworthe4@xrea.com','978-760-2690','admin'),(510,'Axel Vasilenko','male','2001-01-17','Bangekdewa','avasilenkoe5@mac.com','503-373-7421','admin'),(511,'Teddi Gaddesby','female','1999-07-23','Bagorejo','tgaddesbye6@columbia.edu','702-118-9850','user'),(512,'Andrey Vernon','male','2021-04-16','Nanhuatang','avernone7@biglobe.ne.jp','262-821-2900','user'),(513,'Mikaela Klimontovich','female','1986-08-31','Bourg-en-Bresse','mklimontoviche8@skyrock.com','768-239-0944','admin'),(514,'Audrie Ciabatteri','female','1952-09-01','Shanglian','aciabatterie9@dedecms.com','588-678-8382','admin'),(515,'Marius Hapke','male','1981-02-12','Šventoji','mhapkeea@shinystat.com','888-509-2016','admin'),(516,'Danya Fifield','male','1969-08-09','Shangjin','dfifieldeb@nifty.com','354-552-8807','admin'),(517,'Benjamin Shillitto','male','2014-09-03','Trang','bshillittoec@51.la','434-564-7037','admin'),(518,'Lenard Ellsom','male','1972-02-12','Krasnapollye','lellsomed@dyndns.org','191-794-5602','admin'),(519,'Elsa Tarplee','female','1998-09-07','Götene','etarpleeee@ustream.tv','625-890-4622','admin'),(520,'Wade Headland','male','1960-02-17','Yanacancha','wheadlandef@huffingtonpost.com','579-985-5592','admin'),(521,'Dulcy Roots','female','2020-01-09','Volkhov','drootseg@google.it','979-399-0382','admin'),(522,'Ailene Wiffield','female','2023-06-06','Sitovo','awiffieldeh@technorati.com','505-432-0365','admin'),(523,'Reynold Storie','male','1970-06-05','Sungairaya','rstorieei@exblog.jp','620-403-5057','user'),(524,'Mirelle Lorain','female','2015-02-20','Spas','mlorainej@github.com','213-468-2865','user'),(525,'Elvis Keyho','male','1994-09-11','Sindang','ekeyhoek@t.co','515-890-7217','user'),(526,'Jim Berndtsson','male','1988-04-18','Pulau Pinang','jberndtssonel@github.io','432-298-3750','user'),(527,'Lenna Busain','female','1976-04-16','Rasskazovo','lbusainem@nytimes.com','127-242-6125','admin'),(528,'Konstantin Brainsby','male','1986-03-22','Ol’ginskaya','kbrainsbyen@taobao.com','998-387-2746','user'),(529,'Julietta Showl','female','2014-11-30','Zhajin','jshowleo@tinypic.com','524-182-0426','admin'),(530,'Loria Bremmer','female','1971-10-13','Santa Teresa','lbremmerep@answers.com','195-959-4497','admin'),(531,'Madelyn Cannicott','female','1984-05-01','Soure','mcannicotteq@mediafire.com','179-709-3059','user'),(532,'Kerry Haucke','male','2017-11-16','Kryevidh','khauckeer@mlb.com','847-145-0139','user'),(533,'Esme Dametti','female','1999-08-30','Oganlima','edametties@mediafire.com','612-772-8317','user'),(534,'Silvan Pickett','male','2000-07-03','Batarasa','spickettet@nhs.uk','745-208-1280','admin'),(535,'Silvana Brydie','female','1977-01-14','Bweyogerere','sbrydieeu@eepurl.com','181-721-1506','admin'),(536,'Jodie Abrahamsson','female','2011-03-08','Shuangxi','jabrahamssonev@t.co','670-196-3881','admin'),(537,'Merill Slyford','male','2017-02-15','Chatian','mslyfordew@rambler.ru','146-348-4778','admin'),(538,'Vidovic Headford','male','2000-06-26','Casal de São João','vheadfordex@ustream.tv','284-282-1430','admin'),(539,'Wallie Arunowicz','male','1975-08-07','Ban Phan Don','warunowiczey@artisteer.com','125-962-4280','user'),(540,'Marrissa Thomke','female','1970-11-19','Ogurugu','mthomkeez@craigslist.org','266-653-4451','user'),(541,'Rivy Feighney','female','2005-07-23','Michałów-Reginów','rfeighneyf0@indiatimes.com','119-424-1404','user'),(542,'Michaela Eastope','female','1992-05-31','Siemiechów','meastopef1@abc.net.au','856-886-3035','admin'),(543,'Hillard Paradin','male','1964-04-27','Azacualpa','hparadinf2@go.com','985-892-1406','admin'),(544,'Ange Gammons','male','1969-07-18','Qaşr al Farāfirah','agammonsf3@plala.or.jp','426-278-3088','user'),(545,'Ryun Tansly','male','2022-07-18','Bogor','rtanslyf4@google.co.uk','504-556-3629','user'),(546,'Derwin Celiz','male','2011-05-18','Wonotirto','dcelizf5@a8.net','526-622-7887','user'),(547,'Orelia Batstone','female','1972-10-03','Pittsburgh','obatstonef6@upenn.edu','412-654-3339','user'),(548,'Dolly Kless','female','2003-06-06','Debrecen','dklessf7@canalblog.com','312-684-8899','admin'),(549,'Daisey Blucher','female','1996-01-24','Okocim','dblucherf8@ustream.tv','397-882-2234','user'),(550,'Darsie Beakes','female','2003-10-08','Puconci','dbeakesf9@elpais.com','616-369-1874','admin'),(551,'Orsola Hawken','female','1970-09-03','Breda','ohawkenfa@amazon.co.jp','719-719-3129','admin'),(552,'Reagan Cottrill','male','2022-11-09','Pangrumasan','rcottrillfb@yolasite.com','720-151-5873','user'),(553,'Amandy Watman','female','2010-07-14','Gaoqiao','awatmanfc@ehow.com','349-591-4115','user'),(554,'Salome Deaves','female','1959-12-19','Al Khāniq','sdeavesfd@jiathis.com','191-276-4783','user'),(555,'Brigg Dermot','male','1980-08-19','Majan','bdermotfe@flavors.me','652-766-1424','admin'),(556,'Phil Faires','female','1969-12-18','Atbasar','pfairesff@yale.edu','179-316-5471','user'),(557,'Randi Wimp','male','2006-11-19','Koubia','rwimpfg@wikia.com','203-114-4748','user'),(558,'Bonnibelle Greenleaf','female','1979-04-08','Magdalena','bgreenleaffh@de.vu','369-149-7971','user'),(559,'Deb Bandt','female','1984-05-04','Baloc','dbandtfi@4shared.com','575-455-0664','admin'),(560,'Mufi Tennewell','female','1978-02-07','Bongao','mtennewellfj@i2i.jp','574-615-2432','user'),(561,'Dev Ramard','male','1990-03-31','Arauquita','dramardfk@jiathis.com','175-228-3341','admin'),(562,'Pamella Blindmann','female','2002-04-21','Datarsitu','pblindmannfl@vinaora.com','641-318-5605','admin'),(563,'Devland Belli','male','2017-09-29','Kut Chap','dbellifm@army.mil','384-148-3316','admin'),(564,'Lindsay Dearden','male','2002-03-09','Leeuwarden','ldeardenfn@instagram.com','351-180-5368','admin'),(565,'Sabrina Matteotti','female','2011-09-19','Gaojingzhuang','smatteottifo@miibeian.gov.cn','532-825-0830','user'),(566,'Clementina Glencross','female','2004-04-25','Paraiso','cglencrossfp@friendfeed.com','132-993-4319','admin'),(567,'Fredrick Swanton','male','1999-01-18','Longzhong','fswantonfq@rakuten.co.jp','107-119-9772','user'),(568,'Niles Greenlies','male','1951-01-06','Gamawa','ngreenliesfr@zdnet.com','541-390-4841','user'),(569,'Kingsley Vauter','male','1953-07-05','Além','kvauterfs@who.int','175-117-0126','admin'),(570,'Welch Gabbatt','male','2002-02-01','Zhangdian','wgabbattft@virginia.edu','176-178-2655','admin'),(571,'Marcile Gleaves','female','1988-03-07','Xicheng','mgleavesfu@bloomberg.com','284-928-0443','user'),(572,'Judas Wharton','male','1975-04-17','Gasi','jwhartonfv@devhub.com','871-850-8872','user'),(573,'Laurette Fourcade','female','1981-12-17','Emiliano Zapata','lfourcadefw@1688.com','472-164-1796','admin'),(574,'Pooh Inkin','female','1969-12-08','San Ramon','pinkinfx@pinterest.com','144-570-9415','admin'),(575,'Kassandra Drayn','female','2018-11-13','Yekaterinovka','kdraynfy@creativecommons.org','261-747-9184','admin'),(576,'Carita Muscott','female','1964-08-13','Namyangju','cmuscottfz@webnode.com','765-180-2998','admin'),(577,'Cosmo Cripwell','male','1984-11-30','Hengxizhen','ccripwellg0@un.org','326-552-8412','admin'),(578,'Darb Comar','male','2011-09-11','Senj','dcomarg1@senate.gov','417-431-2824','user'),(579,'Jessalin Vicioso','female','2020-09-15','Xinming','jviciosog2@japanpost.jp','888-764-8307','admin'),(580,'Ambros Khidr','male','2013-06-15','Tetaf','akhidrg3@over-blog.com','966-600-6469','admin'),(581,'Cori Lindegard','male','2003-05-06','Kampungbajo','clindegardg4@xrea.com','103-535-3048','admin'),(582,'Sloan Anwell','male','1984-10-20','Tapel','sanwellg5@virginia.edu','829-259-4937','user'),(583,'Tull Dursley','male','1997-03-14','Jistebnice','tdursleyg6@utexas.edu','840-657-9674','user'),(584,'Phillida Nolan','female','1950-12-29','Sankeng','pnolang7@mashable.com','735-799-8877','user'),(585,'Gideon Abyss','male','1997-01-21','Ciganaria','gabyssg8@webnode.com','503-629-4367','user'),(586,'Orazio Niessen','male','2021-06-10','Futian','oniesseng9@nhs.uk','444-720-5711','admin'),(587,'Gav Seekings','male','2014-05-20','Jeziorzany','gseekingsga@icq.com','317-665-1033','admin'),(588,'Thelma Blackaller','female','1952-01-10','Chengbei','tblackallergb@dropbox.com','833-543-4085','admin'),(589,'Yvette Hendrich','female','2017-07-15','Balbalan','yhendrichgc@telegraph.co.uk','179-814-0415','admin'),(590,'Harli Ruppelin','female','1979-09-23','Vinhais','hruppelingd@noaa.gov','368-108-5099','user'),(591,'Vinnie Franzewitch','female','1966-03-12','Linzi','vfranzewitchge@salon.com','404-760-4555','user'),(592,'Rosabelle Yuryshev','female','2006-06-30','Trelleborg','ryuryshevgf@goo.ne.jp','629-863-9197','user'),(593,'Joel de Quesne','male','1966-10-06','Modosinal','jdegg@unesco.org','248-114-3011','user'),(594,'Tailor Kisby','male','1975-04-21','Lianhe','tkisbygh@cnbc.com','462-932-1027','user'),(595,'Beaufort Blodg','male','1992-07-23','Libice nad Cidlinou','bblodggi@phoca.cz','154-311-7670','user'),(596,'Gabriell MacPhaden','female','1964-01-27','Bergvliet','gmacphadengj@guardian.co.uk','844-556-4921','admin'),(597,'Ariel Swindle','female','1955-08-10','Vardenik','aswindlegk@netlog.com','835-638-8303','admin'),(598,'Livvyy Bourton','female','1964-11-03','Gotemba','lbourtongl@earthlink.net','760-909-5369','user'),(599,'Pansy Perone','female','1953-03-16','Xishan','pperonegm@freewebs.com','495-458-7150','admin'),(600,'Gayel Risley','female','1978-03-30','Medianeira','grisleygn@cdbaby.com','381-662-9554','user'),(601,'Danna Grevile','female','1982-01-15','Corcuera','dgrevilego@hexun.com','195-818-1926','user'),(602,'Curtis von Nassau','male','2002-08-17','Awilega','cvongp@mtv.com','770-934-3856','admin'),(603,'Mandel Pecha','male','1972-11-03','Dajt','mpechagq@mit.edu','562-152-3282','user'),(604,'Durand Levitt','male','1981-11-15','Luchenza','dlevittgr@goo.ne.jp','185-314-9171','user'),(605,'Marguerite Hutchin','female','1990-02-09','Sampués','mhutchings@wix.com','623-101-1072','user'),(606,'Andreana Rosenfeld','female','2010-04-06','Ul','arosenfeldgt@opera.com','821-634-7606','user'),(607,'Coreen Costin','female','1971-03-29','Fengtai Chengguanzhen','ccostingu@howstuffworks.com','873-478-9635','admin'),(608,'Frederique McComas','female','2002-04-16','Janeng','fmccomasgv@google.com.hk','910-265-0423','user'),(609,'Sigfried Gregh','male','1968-08-18','Heyou','sgreghgw@hp.com','775-726-9441','admin'),(610,'Ailyn Hugli','female','1984-10-22','Carapicuíba','ahugligx@census.gov','288-234-0678','user'),(611,'Florian McMurray','male','2016-06-12','Kaiaf','fmcmurraygy@usa.gov','551-937-5223','user'),(612,'Honey Chasle','female','1997-06-29','Stockholm','hchaslegz@purevolume.com','658-708-0592','admin'),(613,'Janessa Gaskins','female','2013-11-15','Shangsanji','jgaskinsh0@about.com','238-979-5515','admin'),(614,'Roosevelt Malcher','male','1972-11-03','Mgandu','rmalcherh1@chronoengine.com','744-945-0981','admin'),(615,'Katrine Yaus','female','2004-09-03','Los Angeles','kyaush2@dailymail.co.uk','323-526-2257','admin'),(616,'Kimberly Ennever','female','1975-04-25','Saky','kenneverh3@scribd.com','618-149-3226','user'),(617,'Stern Vassel','male','1964-09-19','Kario','svasselh4@mozilla.com','496-959-5874','user'),(618,'Ogdon Saxton','male','1971-07-17','Viljoenskroon','osaxtonh5@studiopress.com','343-722-9198','user'),(619,'Tabbitha Gwilliams','female','2001-12-13','Liverpool','tgwilliamsh6@sbwire.com','838-412-4682','admin'),(620,'Durand Orred','male','1989-06-12','Aldergrove','dorredh7@google.co.jp','445-240-9453','admin'),(621,'Brita Witchard','female','1993-07-23','Bus’k','bwitchardh8@cisco.com','965-178-0295','admin'),(622,'Halimeda Plenderleith','female','1967-10-17','Jacksonville','hplenderleithh9@yahoo.com','904-894-6099','admin'),(623,'Stephenie Gartell','female','2003-03-21','Cibangban Girang','sgartellha@shop-pro.jp','840-622-7893','user'),(624,'Stanislas Wringe','male','1987-12-08','Vila do Bispo','swringehb@about.com','544-735-4935','user'),(625,'Rycca Ellen','female','1952-09-05','Pankrushikha','rellenhc@narod.ru','322-974-1037','admin'),(626,'Yulma Kacheller','male','2013-04-22','Dengzishan','ykachellerhd@bizjournals.com','868-968-4373','user'),(627,'Kimberlee Tyers','female','1956-02-21','Sasebo','ktyershe@uol.com.br','909-503-0639','admin'),(628,'Mildrid Bennen','female','2013-08-21','Dongxiaokou','mbennenhf@bandcamp.com','449-370-4921','admin'),(629,'Kylen Painten','female','1963-11-05','Machang','kpaintenhg@infoseek.co.jp','844-596-5474','user'),(630,'Hazlett Marklow','male','1978-02-01','Puerto Galera','hmarklowhh@cdc.gov','750-670-4570','user'),(631,'Paco Menzies','male','1972-09-25','Đức Phong','pmenzieshi@marketwatch.com','898-895-0858','admin'),(632,'Mag Collacombe','female','1966-07-07','Liuzhi','mcollacombehj@skyrock.com','753-552-3149','user'),(633,'Malvin Brader','male','1981-11-06','Eséka','mbraderhk@sfgate.com','303-989-5111','user'),(634,'Briggs O\'Luby','male','1987-04-24','Karlskrona','bolubyhl@columbia.edu','413-805-0792','admin'),(635,'Pippo Ruselin','male','2010-10-01','Thành Phố Hà Giang','pruselinhm@mapy.cz','571-173-2048','admin'),(636,'Niles Mangon','male','1961-09-17','El Cerrito','nmangonhn@japanpost.jp','372-697-8834','admin'),(637,'Fowler Prestage','male','2012-09-26','Novoderevyankovskaya','fprestageho@eepurl.com','135-478-0905','user'),(638,'Raynor Tubble','male','1972-12-15','Yunlu','rtubblehp@princeton.edu','508-179-8527','admin'),(639,'Hunfredo Pywell','male','2002-07-20','Patsi','hpywellhq@hibu.com','144-673-4057','user'),(640,'Tania Brinkler','female','2002-08-07','Shuozhou','tbrinklerhr@flickr.com','251-603-5322','admin'),(641,'Ronalda Amberger','female','2009-04-28','Khemisset','rambergerhs@goo.ne.jp','910-906-9293','user'),(642,'Matthaeus Bernollet','male','1968-09-25','Chahe','mbernolletht@shareasale.com','734-139-4755','user'),(643,'Cornelius Bennion','male','1996-03-29','Companhia de Baixo','cbennionhu@xrea.com','680-501-6517','user'),(644,'Chrissie Kitchingman','female','2005-10-16','Madison','ckitchingmanhv@springer.com','608-767-8131','user'),(645,'Janine McMoyer','female','1960-11-21','Ostroměř','jmcmoyerhw@tripod.com','147-671-1114','admin'),(646,'Waylen Livock','male','1992-06-11','Lubasz','wlivockhx@stumbleupon.com','658-472-7041','admin'),(647,'Ardra Spuner','female','2011-09-03','Lirung','aspunerhy@uol.com.br','644-593-3593','admin'),(648,'Susann Clissett','female','1999-04-18','Şurmān','sclissetthz@berkeley.edu','176-655-9587','user'),(649,'Finn Grigoryov','male','1957-09-02','Bārah','fgrigoryovi0@linkedin.com','318-280-8240','user'),(650,'Latrena Rossoni','female','1981-07-31','Florianópolis','lrossonii1@deviantart.com','141-121-2564','user'),(651,'Garner Schwanden','male','1994-01-11','Licupis','gschwandeni2@berkeley.edu','393-154-4944','admin'),(652,'Spike Pennetta','male','2011-11-17','Liquan Chengguanzhen','spennettai3@cisco.com','493-863-7614','user'),(653,'Konstance Chasney','female','1955-03-24','São Luís de Montes Belos','kchasneyi4@elpais.com','351-477-7427','user'),(654,'Ediva Myrick','female','1989-12-03','Jiandou','emyricki5@ocn.ne.jp','351-312-1194','user'),(655,'Kevon Rolfs','male','1976-05-30','Sarimukti Kaler','krolfsi6@addtoany.com','732-247-9406','user'),(656,'Gelya Hawkslee','female','1965-11-01','Koilás','ghawksleei7@google.nl','447-724-0795','user'),(657,'Lothario Gresham','male','1950-10-03','Pamakayo','lgreshami8@bbb.org','920-931-6464','user'),(658,'Marchall Larwell','male','1983-06-04','Tarimbang','mlarwelli9@youku.com','503-322-7804','admin'),(659,'Matthew Jennery','male','2013-03-31','Göteborg','mjenneryia@comsenz.com','290-139-3484','admin'),(660,'Cecil Faircley','male','2010-01-27','Daohe','cfaircleyib@netscape.com','579-802-7293','user'),(661,'Rooney Bednall','male','2007-10-08','Lyon','rbednallic@ustream.tv','326-907-9423','user'),(662,'Muhammad Cromarty','male','1954-10-30','Yakimovo','mcromartyid@youtube.com','110-725-0198','user'),(663,'Hurleigh Pond-Jones','male','1995-05-22','Tambo','hpondjonesie@webmd.com','270-867-8184','user'),(664,'Ade Wressell','male','1977-01-09','Partille','awressellif@symantec.com','422-332-3408','admin'),(665,'Kerby MacWilliam','male','1988-06-17','Aţ Ţurrah','kmacwilliamig@columbia.edu','398-284-6532','user'),(666,'Riordan Withers','male','1988-09-25','Nyköping','rwithersih@example.com','751-636-2195','user'),(667,'Dodi Gaye','female','1987-04-22','Týn nad Vltavou','dgayeii@census.gov','922-841-9305','user'),(668,'Jim Webbe','male','2011-06-30','Sāqayn','jwebbeij@tripadvisor.com','713-471-0656','user'),(669,'Westbrooke Wingeatt','male','1972-06-17','Porto de Mós','wwingeattik@cyberchimps.com','730-948-8807','user'),(670,'Babb de Marco','female','1990-03-06','Osby','bdeil@devhub.com','994-428-9739','user'),(671,'Perceval Starbeck','male','1961-03-08','Bedalewun','pstarbeckim@yale.edu','785-132-9482','admin'),(672,'Matteo Worlidge','male','1987-05-30','Pyhäjoki','mworlidgein@360.cn','482-970-9893','user'),(673,'Rolf Bargery','male','1974-09-15','Povenets','rbargeryio@washingtonpost.com','208-555-7696','user'),(674,'Wang Hayhow','male','2018-01-15','Suhe','whayhowip@stanford.edu','667-920-1976','user'),(675,'Chiquia Harniman','female','2010-01-09','Buguruslan','charnimaniq@google.com.br','535-701-6223','user'),(676,'Sandro Haistwell','male','1968-05-14','Magsaysay','shaistwellir@merriam-webster.com','671-953-5676','user'),(677,'Elsy Adamik','female','1993-02-05','Mishixiang','eadamikis@ocn.ne.jp','263-242-0237','user'),(678,'Ulrick Bruggeman','male','1994-08-11','Chaltyr','ubruggemanit@cisco.com','638-296-7280','user'),(679,'Lenna Hatwells','female','1969-09-16','Starcevica','lhatwellsiu@washington.edu','962-899-4283','admin'),(680,'Dag Drinkwater','male','1991-12-17','Bergen','ddrinkwateriv@soundcloud.com','117-712-7169','user'),(681,'Samara Wyvill','female','1994-07-29','Changling','swyvilliw@omniture.com','611-282-3016','user'),(682,'Sharona Rozec','female','1955-01-27','Songjiang','srozecix@ucoz.com','444-420-5354','user'),(683,'Aretha Pioch','female','2008-01-23','Uptar','apiochiy@dagondesign.com','978-921-5949','admin'),(684,'Kendal Guerrazzi','male','1970-07-15','La Montañita','kguerrazziiz@a8.net','864-799-9105','admin'),(685,'Tabby Gerbl','female','1957-01-25','San Juan Atitán','tgerblj0@bizjournals.com','149-476-0562','admin'),(686,'Devin Luckin','female','1968-07-26','Mislīyah','dluckinj1@ebay.co.uk','138-970-4781','admin'),(687,'Farah Sessions','female','1970-12-30','Baiyinnuole','fsessionsj2@elegantthemes.com','446-817-0241','user'),(688,'Maisie Roads','female','1995-06-06','Vangaindrano','mroadsj3@comcast.net','603-930-6958','admin'),(689,'Sascha Olenov','male','1960-01-17','Jamban','solenovj4@statcounter.com','464-526-3130','user'),(690,'Dinah Paroni','female','2019-09-12','Margorejo','dparonij5@vinaora.com','829-939-8317','user'),(691,'Alexis Bendixen','male','2009-02-19','Kuantan','abendixenj6@reference.com','310-759-8186','user'),(692,'Gardie Offa','male','1979-07-18','Atescatempa','goffaj7@example.com','612-477-9262','admin'),(693,'Howard Berntssen','male','1972-08-16','Marapat','hberntssenj8@scientificamerican.com','893-970-0011','user'),(694,'Kat Sandbach','female','1998-09-22','Černilov','ksandbachj9@biblegateway.com','905-686-9186','admin'),(695,'Clifford Winman','male','1962-11-01','Putinci','cwinmanja@yolasite.com','526-501-6329','user'),(696,'Desiree Napolitano','female','2010-02-22','Pindamonhangaba','dnapolitanojb@opera.com','795-313-2384','user'),(697,'Camila Cayley','female','2020-07-09','Xiaojian','ccayleyjc@answers.com','612-911-4585','admin'),(698,'Katrina Jamieson','female','1995-06-09','Manhan','kjamiesonjd@mit.edu','677-599-8936','admin'),(699,'Saunder Barszczewski','male','2000-06-12','Iperó','sbarszczewskije@huffingtonpost.com','234-744-6136','user'),(700,'Faber Redwin','male','1979-09-22','Chayuan','fredwinjf@wp.com','709-460-5915','admin'),(701,'Garvey Karlolak','male','2010-10-31','Ust’-Dzheguta','gkarlolakjg@reuters.com','215-592-2153','user'),(702,'Otes D\'Cruze','male','1963-02-28','Fastovetskaya','odcruzejh@163.com','168-694-9205','user'),(703,'Orsola De Francesco','female','1985-08-28','Tohautu','odeji@nba.com','633-925-0604','user'),(704,'Rasia Collie','female','1956-12-07','Spirit River','rcolliejj@gravatar.com','485-215-0209','user'),(705,'Devin Gannaway','female','1958-10-03','Mat-i','dgannawayjk@wsj.com','118-727-3993','user'),(706,'Feliks Sutcliffe','male','1993-11-18','Pingyang','fsutcliffejl@tripod.com','191-308-9755','admin'),(707,'Marsha Newberry','female','1965-02-14','Muramvya','mnewberryjm@typepad.com','517-866-9204','user'),(708,'Mathe Cay','male','2016-05-30','Bantar','mcayjn@goodreads.com','966-682-7848','user'),(709,'Artair Leuty','male','2006-12-27','Refojos de Riba de Ave','aleutyjo@irs.gov','176-346-8660','admin'),(710,'Merrilee Rosbrough','female','1982-06-10','Arnprior','mrosbroughjp@mashable.com','963-263-5102','admin'),(711,'Daphene Jansie','female','1992-01-26','Longkou','djansiejq@hc360.com','798-342-9700','admin'),(712,'Yolande Ghion','female','2011-06-08','Sutton','yghionjr@ucsd.edu','789-791-6128','admin'),(713,'Alex Sugden','female','1964-09-16','Lian','asugdenjs@jimdo.com','138-108-4468','user'),(714,'Idell Cicculi','female','2004-07-18','Nakhabino','icicculijt@posterous.com','343-730-2589','admin'),(715,'Chucho Spedroni','male','1953-07-14','Piteå','cspedroniju@jalbum.net','292-438-2594','user'),(716,'Valle Ogborn','male','1964-11-09','Wenquan','vogbornjv@webnode.com','861-239-9351','user'),(717,'Mirilla Rosenblath','female','1994-04-07','Valencia','mrosenblathjw@prweb.com','254-262-5204','admin'),(718,'Salomon Breslauer','male','1977-12-02','Shilibu','sbreslauerjx@imdb.com','281-843-4424','admin'),(719,'Eugine Spleving','female','1972-09-20','Matsudo','esplevingjy@reverbnation.com','338-314-7735','user'),(720,'Davin Vayne','male','1956-12-01','Sernur','dvaynejz@1688.com','180-487-2650','user'),(721,'Hannie Sawood','female','1969-04-13','Jeziora Wielkie','hsawoodk0@wikia.com','184-894-5293','admin'),(722,'Kingsley Deakins','male','1994-10-22','Gremyachinsk','kdeakinsk1@icq.com','803-163-7968','user'),(723,'Matti Fraser','female','1996-02-14','Sawahrandu','mfraserk2@google.co.jp','690-556-1031','admin'),(724,'Jenn Breckwell','female','1952-05-12','Xijia','jbreckwellk3@xinhuanet.com','476-454-0098','user'),(725,'Engelbert Bleckly','male','2010-12-27','Anto','eblecklyk4@japanpost.jp','828-407-1944','user'),(726,'Kassi Houldin','female','1993-04-20','Daja Lorong','khouldink5@dailymail.co.uk','848-577-0945','user'),(727,'Joanie Lackney','female','1994-12-14','Chittagong','jlackneyk6@hp.com','756-606-8981','admin'),(728,'Sebastian Tinghill','male','2006-01-26','Mira','stinghillk7@topsy.com','794-771-4265','user'),(729,'Darin Vossgen','male','1966-05-04','Jinzhou','dvossgenk8@drupal.org','997-905-1792','user'),(730,'Madelaine Hamments','female','2001-11-06','Yermish’','mhammentsk9@amazon.com','323-405-3737','user'),(731,'Vanni Barbe','female','1966-04-21','Kauditan','vbarbeka@accuweather.com','488-922-2929','admin'),(732,'Pernell Josey','male','2020-06-09','Ash Shiḩr','pjoseykb@indiegogo.com','569-929-0841','user'),(733,'Eldin McDonough','male','2012-12-29','Vyborg','emcdonoughkc@odnoklassniki.ru','896-897-5024','user'),(734,'Sherill Peddowe','female','2020-07-19','Goúvai','speddowekd@flickr.com','435-120-9079','user'),(735,'Laney Bonny','female','2016-05-01','Mrągowo','lbonnyke@wikipedia.org','476-136-0518','user'),(736,'Pam Kingsford','female','1990-02-23','Sombor','pkingsfordkf@theglobeandmail.com','634-661-8770','admin'),(737,'Mattheus Blakeston','male','1982-08-29','Irtyshskiy','mblakestonkg@walmart.com','700-743-0581','user'),(738,'Cesaro Hindmore','male','2003-07-02','Lahat','chindmorekh@hhs.gov','491-553-6247','admin'),(739,'Seward Lickorish','male','1984-01-31','Det Udom','slickorishki@tinyurl.com','366-919-6088','user'),(740,'Kimmie Treacher','female','1971-03-20','Kebonsari Kidul','ktreacherkj@umn.edu','912-942-2404','admin'),(741,'Petunia Figures','female','1990-03-25','Kubangeceng','pfigureskk@admin.ch','437-634-1985','user'),(742,'Barnabe Cancelier','male','2002-04-29','Usuki','bcancelierkl@newsvine.com','224-155-9358','user'),(743,'Tracey Wearne','male','1997-11-18','Kokembang','twearnekm@woothemes.com','282-710-5024','user'),(744,'Farrand Jahnke','female','1990-01-12','Medveđa','fjahnkekn@moonfruit.com','965-403-3681','user'),(745,'Kincaid Jablonski','male','1954-06-16','Linköping','kjablonskiko@sitemeter.com','760-776-4295','admin'),(746,'Brnaby MacCarrane','male','2015-05-23','Kurmuk','bmaccarranekp@last.fm','283-317-8421','admin'),(747,'Rhona Fricker','female','1994-10-27','Florencia','rfrickerkq@latimes.com','216-625-0547','admin'),(748,'Rudolf Muckersie','male','1972-12-12','Ambarakaraka','rmuckersiekr@fc2.com','993-708-6593','admin'),(749,'Bondie Beetlestone','male','2005-06-05','Dajanrurung','bbeetlestoneks@cyberchimps.com','581-925-1072','admin'),(750,'Abbie Hannam','female','1956-10-26','Tangzha','ahannamkt@w3.org','285-301-2483','user'),(751,'Erda Baker','female','2016-09-11','Sidi Yahya Ou Saad','ebakerku@berkeley.edu','427-603-2995','admin'),(752,'Stearn Lorinez','male','1963-02-07','Nîmes','slorinezkv@smh.com.au','488-771-8619','admin'),(753,'Marius Wagnerin','male','2006-09-25','Watuagung','mwagnerinkw@wordpress.com','441-604-5793','admin'),(754,'Alain Reichelt','male','2006-03-08','Cikijing','areicheltkx@ft.com','569-148-9824','admin'),(755,'Rayner Cursons','male','2019-04-17','Xinfeng','rcursonsky@un.org','461-413-5728','admin'),(756,'Ganny Dametti','male','2019-05-26','Surat Thani','gdamettikz@wix.com','524-476-2213','user'),(757,'Alia Leyborne','female','1990-05-30','Milove','aleybornel0@behance.net','709-826-7501','user'),(758,'Manolo Rippin','male','1982-11-15','Salfīt','mrippinl1@wp.com','426-729-0561','admin'),(759,'Johnnie Perigeaux','male','1974-01-05','Świebodzice','jperigeauxl2@hostgator.com','915-583-9949','user'),(760,'Madel Manthroppe','female','1968-01-16','Cerro Blanco','mmanthroppel3@mozilla.org','225-361-6549','admin'),(761,'Aubry Diggell','female','1986-06-07','Lüderitz','adiggelll4@mozilla.com','580-808-8455','admin'),(762,'Kipp Templeman','female','2020-04-11','Shishan','ktemplemanl5@timesonline.co.uk','473-368-7657','user'),(763,'Hewet Pacht','male','1979-10-27','Clervaux','hpachtl6@stumbleupon.com','260-719-9272','user'),(764,'Ebeneser Lethbridge','male','1998-01-18','Gubo','elethbridgel7@devhub.com','474-904-1208','user'),(765,'Cordi Catterson','female','1977-08-08','Teluksantong','ccattersonl8@hugedomains.com','390-504-0857','user'),(766,'Kassi Vedntyev','female','1992-04-04','Stírion','kvedntyevl9@liveinternet.ru','619-915-9458','user'),(767,'Aubrie Flux','female','1970-10-08','Putina','afluxla@a8.net','146-112-1878','user'),(768,'Tobin Lippett','male','2019-04-08','Haumeni','tlippettlb@nymag.com','439-678-3544','admin'),(769,'Skye Bette','male','1991-06-07','Odiong','sbettelc@deviantart.com','112-703-3349','admin'),(770,'Dimitry Vasilic','male','1972-04-11','Gongqiao','dvasilicld@bloglovin.com','759-790-0510','user'),(771,'Blinnie Cowdrey','female','2006-08-30','\"Hospitalet De Llobregat, L\'\"','bcowdreyle@yelp.com','496-769-6672','user'),(772,'Dilan Catterell','male','2012-07-22','Ochojno','dcatterelllf@disqus.com','809-127-0826','user'),(773,'Malcolm Sexstone','male','2014-08-03','Mashui','msexstonelg@wikispaces.com','676-879-0182','admin'),(774,'Fanya Cheetham','female','2007-10-31','Doljo','fcheethamlh@ovh.net','313-930-0848','admin'),(775,'Margarete Stonebridge','female','1957-08-04','Návsí u Jablunkova','mstonebridgeli@mac.com','571-750-9704','admin'),(776,'Liv Totman','female','1954-01-28','Digkilaan','ltotmanlj@utexas.edu','799-255-4278','user'),(777,'Eveleen Carvil','female','2019-05-04','Tuka','ecarvillk@illinois.edu','212-592-3291','admin'),(778,'Mimi Yapp','female','2013-12-01','Zhongba','myappll@kickstarter.com','878-827-9059','user'),(779,'Reece Burnhams','male','1998-04-08','Nizui','rburnhamslm@marriott.com','484-863-5110','admin'),(780,'Cassie Polglaze','male','2005-01-24','Wiślica','cpolglazeln@tiny.cc','418-922-5307','admin'),(781,'Edmon Dradey','male','1987-10-22','Sundsvall','edradeylo@webnode.com','834-223-4920','user'),(782,'Sheree Thresher','female','2014-07-03','Brdów','sthresherlp@upenn.edu','914-874-6643','admin'),(783,'Shea Strelitz','male','2022-04-08','Wuyun','sstrelitzlq@ihg.com','935-223-9392','admin'),(784,'Stan Faraker','male','2002-08-15','Randfontein','sfarakerlr@linkedin.com','333-529-0953','user'),(785,'Dottie Solano','female','1952-02-04','Biała','dsolanols@mtv.com','868-551-3898','user'),(786,'Tatiania Bundey','female','1993-09-18','Dayton','tbundeylt@bandcamp.com','937-293-6813','admin'),(787,'Preston Goricke','male','1988-06-14','Almalaguês','pgorickelu@infoseek.co.jp','310-831-0393','user'),(788,'Keane Garlic','male','1997-11-05','San Diego','kgarliclv@last.fm','619-551-8120','admin'),(789,'Kliment Langton','male','2010-04-01','Trakan Phut Phon','klangtonlw@instagram.com','491-141-3757','user'),(790,'Todd Scrange','male','1982-12-10','Chojata','tscrangelx@hexun.com','792-253-5773','user'),(791,'Bucky McWard','male','2002-03-23','Los Ángeles','bmcwardly@tripadvisor.com','342-532-4462','user'),(792,'Lilias Sheraton','female','1970-04-25','Aihua','lsheratonlz@google.co.jp','277-616-4679','admin'),(793,'Sherrie Premble','female','2015-06-15','Carthage','spremblem0@mediafire.com','676-958-3749','admin'),(794,'Wayland Dabs','male','1976-09-18','Kulykiv','wdabsm1@house.gov','529-214-3953','user'),(795,'Clotilda Amar','female','2013-09-06','Mithi','camarm2@yellowpages.com','927-691-7237','admin'),(796,'Pierette Blackader','female','2015-04-27','Anjani Barat','pblackaderm3@storify.com','134-457-5185','admin'),(797,'Adina Hanway','female','1959-03-30','Lagoa de Albufeira','ahanwaym4@woothemes.com','278-107-3107','admin'),(798,'Bevvy Brownsall','female','1983-06-20','Minsk','bbrownsallm5@parallels.com','759-321-1585','user'),(799,'Brigit Jursch','female','1961-12-18','Pasirlaja','bjurschm6@yandex.ru','546-290-6356','user'),(800,'Meade Giaomozzo','female','1951-04-04','Ziyuan','mgiaomozzom7@cisco.com','638-638-3585','admin'),(801,'Dore Cremins','male','1986-11-11','Daliuhao','dcreminsm8@meetup.com','750-516-3283','user'),(802,'Almeta Kretchmer','female','1969-12-05','Moyynkum','akretchmerm9@people.com.cn','355-562-4799','user'),(803,'Christie Calcutt','female','1997-03-20','Yueyahe','ccalcuttma@nature.com','560-160-0400','user'),(804,'Genia Lorkins','female','1971-04-26','Sunne','glorkinsmb@engadget.com','111-702-3011','admin'),(805,'Lizzie Mylchreest','female','1996-03-16','Cam Lộ','lmylchreestmc@globo.com','385-497-0451','user'),(806,'Demetris Veregan','female','1992-11-09','Jembayan Hitam','dvereganmd@tripod.com','188-664-8475','user'),(807,'Ameline Wilmore','female','1993-02-10','Nangewer','awilmoreme@kickstarter.com','428-465-8907','admin'),(808,'Georgine Henkens','female','2006-03-29','Zhuhu','ghenkensmf@theguardian.com','148-223-4693','user'),(809,'Fanya Farens','female','2017-01-29','Rerawere','ffarensmg@reddit.com','564-766-3469','user'),(810,'Lorin Halfhead','male','2007-07-31','Modakeke','lhalfheadmh@alexa.com','724-387-5811','admin'),(811,'Amelia Mateos','female','2019-10-15','Boa Vista','amateosmi@who.int','900-486-3942','admin'),(812,'Kerwinn MacRedmond','male','2007-09-11','Lagoa Santa','kmacredmondmj@craigslist.org','491-200-1411','admin'),(813,'Jacky Stutter','female','2019-10-05','Kimitsu','jstuttermk@ucla.edu','981-262-5075','admin'),(814,'Johannah Belsham','female','2021-12-13','Kertosari','jbelshamml@xing.com','688-451-7063','admin'),(815,'Glori Barthropp','female','1993-04-17','Zhongba','gbarthroppmm@live.com','619-125-3143','admin'),(816,'Alwin Marchetti','male','2022-07-02','Koubia','amarchettimn@edublogs.org','844-140-3750','user'),(817,'Maible Leckie','female','1970-03-08','Kharkiv','mleckiemo@ucsd.edu','142-440-1754','user'),(818,'Russ Harp','male','1986-01-16','Grenoble','rharpmp@nyu.edu','110-392-6012','user'),(819,'Zachery Lowers','male','1976-07-16','Ji Paraná','zlowersmq@g.co','969-551-1673','user'),(820,'Annaliese Fussen','female','2015-08-19','Youkaichi','afussenmr@tumblr.com','956-317-8031','admin'),(821,'Patsy Phizackerly','female','1956-01-13','Marvdasht','pphizackerlyms@ezinearticles.com','107-634-3360','admin'),(822,'Tammara Bevan','female','1954-12-12','Elato','tbevanmt@yellowbook.com','489-343-4809','admin'),(823,'Worth Count','male','2002-07-26','Detroit','wcountmu@unesco.org','313-433-5557','user'),(824,'Jonah Burnham','male','2019-11-19','Okayama-shi','jburnhammv@loc.gov','608-536-9888','admin'),(825,'Francis Geale','male','2010-11-25','São José de Mipibu','fgealemw@blogtalkradio.com','754-199-0922','user'),(826,'Teddie Hugonnet','male','1976-03-23','Sete Lagoas','thugonnetmx@google.com.br','701-116-7101','user'),(827,'Currey Renyard','male','2019-02-17','Mġarr','crenyardmy@mediafire.com','992-632-4860','admin'),(828,'Curt O\' Hern','male','2022-06-23','Řečany nad Labem','comz@php.net','185-813-8033','admin'),(829,'Bertie Butterick','male','1991-05-23','Yangjian','bbutterickn0@cnbc.com','448-943-7666','admin'),(830,'Grethel Dmtrovic','female','1990-07-03','Ouzini','gdmtrovicn1@myspace.com','609-831-4777','admin'),(831,'Eudora Bright','female','1952-12-16','Saint-Fargeau-Ponthierry','ebrightn2@aboutads.info','716-926-0700','user'),(832,'Candice Joselson','female','1956-02-04','Seogeom-ri','cjoselsonn3@dot.gov','788-338-9160','user'),(833,'Juieta Haslam','female','1961-05-10','Palanit','jhaslamn4@lycos.com','849-306-6777','user'),(834,'Jermayne Himsworth','male','1960-02-06','Paris La Défense','jhimsworthn5@spiegel.de','506-923-4088','user'),(835,'Vassily McSweeney','male','1997-02-02','Hongcheng','vmcsweeneyn6@kickstarter.com','294-854-6307','admin'),(836,'Amalita McCready','female','2001-05-30','Loudi','amccreadyn7@abc.net.au','618-177-4335','admin'),(837,'Bertie Bruckman','male','1971-12-18','Yangcun','bbruckmann8@comsenz.com','885-358-7206','user'),(838,'Drucie Outibridge','female','1962-04-24','Divnomorskoye','doutibridgen9@soundcloud.com','892-983-0461','admin'),(839,'Caty Lett','female','1969-08-28','La Ceja','clettna@mozilla.org','128-604-4288','user'),(840,'Fields Larvent','male','1954-10-27','Rantaupanjangkiri','flarventnb@mysql.com','256-343-7110','admin'),(841,'Deny Dobing','female','2013-10-31','Niny','ddobingnc@digg.com','961-914-4518','user'),(842,'Reynard Bernot','male','2007-07-31','Umm Sa‘īd','rbernotnd@live.com','144-825-7784','admin'),(843,'Prince Inseal','male','1985-02-28','Nevers','pinsealne@alexa.com','994-594-6283','admin'),(844,'Thibaud Stegers','male','2012-10-09','Xinjia','tstegersnf@nature.com','135-749-2311','user'),(845,'Gertrud Slesser','female','2015-09-14','Sumber','gslesserng@mozilla.com','958-751-3793','user'),(846,'Karyl Pickles','female','1954-10-07','Taclobo','kpicklesnh@pen.io','474-440-8971','user'),(847,'Barbe Checkley','female','1966-12-01','Orël','bcheckleyni@acquirethisname.com','772-233-2802','admin'),(848,'Francisco Toseland','male','1971-10-26','Laventille','ftoselandnj@accuweather.com','239-173-1169','user'),(849,'Rogerio Shyram','male','1997-01-03','Longwu','rshyramnk@angelfire.com','945-567-1987','admin'),(850,'Brenna Stryde','female','1975-01-26','Lodwar','bstrydenl@archive.org','301-285-0344','user'),(851,'Reginald Gambrell','male','1968-03-25','Outapi','rgambrellnm@google.ca','200-248-8296','user'),(852,'Kermie Djakovic','male','1995-08-04','Nepomuceno','kdjakovicnn@ezinearticles.com','302-903-5799','user'),(853,'Alleyn Spyby','male','2013-03-21','Itapemirim','aspybyno@wikipedia.org','367-526-8361','admin'),(854,'Normand Awmack','male','2019-07-13','Chinchero','nawmacknp@drupal.org','523-824-1627','user'),(855,'Mikol Ivanets','male','1966-08-28','Rokytne','mivanetsnq@google.com.br','418-429-1286','admin'),(856,'Vanda Spowart','female','1969-07-05','Cangzhou','vspowartnr@epa.gov','999-687-7246','user'),(857,'Vanni Allain','female','2000-09-16','Baitao','vallainns@house.gov','165-174-8752','user'),(858,'Arturo Rudram','male','1989-03-26','Shanhe','arudramnt@wsj.com','356-906-7607','user'),(859,'Shelia Retallick','female','1955-03-11','Dzików Stary','sretallicknu@bloglines.com','929-926-5731','user'),(860,'Beatrisa Yurasov','female','1998-11-20','Qingtaiping','byurasovnv@earthlink.net','612-792-2869','admin'),(861,'Wang Wyke','male','1985-06-14','Danghara','wwykenw@umich.edu','833-333-3582','admin'),(862,'Olivero Dickerline','male','1988-12-19','Kayukembang','odickerlinenx@latimes.com','770-414-1949','admin'),(863,'Martino Stanley','male','2001-06-15','Qiangtou','mstanleyny@acquirethisname.com','191-887-4067','admin'),(864,'Phillipe Civitillo','male','2006-08-01','Jingyang','pcivitillonz@icio.us','635-941-9581','user'),(865,'Rafe Pyne','male','1962-10-18','Chongmin','rpyneo0@senate.gov','559-426-9430','user'),(866,'Clary Arney','female','2017-01-11','E’zhou','carneyo1@dell.com','179-636-3634','admin'),(867,'Elisha Pessold','female','1951-03-31','Balfour','epessoldo2@diigo.com','188-280-7124','user'),(868,'Vyky Gabala','female','1978-07-21','Makungu','vgabalao3@vk.com','813-792-0697','admin'),(869,'Hermie Bellamy','male','1970-07-18','Taiping','hbellamyo4@noaa.gov','388-776-3853','admin'),(870,'Rivy Berthelet','female','2007-11-02','Ponoka','rbertheleto5@cmu.edu','248-583-1878','user'),(871,'Teodorico Hews','male','1997-06-30','Shezë','thewso6@nih.gov','460-150-8374','user'),(872,'Darleen Grinham','female','2007-04-20','Were Īlu','dgrinhamo7@google.com','963-985-8388','admin'),(873,'Gilbertina Joynes','female','1977-07-03','Lourido','gjoyneso8@hostgator.com','556-769-1520','admin'),(874,'Arvie Have','male','2010-05-27','Bom Jesus do Itabapoana','ahaveo9@mediafire.com','886-741-7732','user'),(875,'Claire Eastup','male','2000-08-29','Bal Chirāgh','ceastupoa@thetimes.co.uk','233-532-3713','user'),(876,'Alethea Stennard','female','1953-02-02','Saramech','astennardob@patch.com','935-729-6770','admin'),(877,'Cammy Gricks','female','1968-11-22','Bogorejo','cgricksoc@mtv.com','411-855-9637','admin'),(878,'Lola Glaves','female','1985-11-12','Żychlin','lglavesod@hud.gov','992-986-7331','user'),(879,'Thaddus Varian','male','2001-01-30','Stockholm','tvarianoe@edublogs.org','579-906-6176','user'),(880,'Octavius Rubartelli','male','1954-08-12','Langres','orubartelliof@arstechnica.com','934-404-9788','admin'),(881,'Yoshi Trudgian','female','2015-10-04','Ostružnica','ytrudgianog@g.co','610-225-7522','admin'),(882,'Carmelita Sexten','female','1987-12-15','Poroj','csextenoh@unc.edu','609-456-4714','admin'),(883,'Jacquelynn McInility','female','1998-01-23','Jinshan','jmcinilityoi@arstechnica.com','937-663-6928','admin'),(884,'Cloe Rowson','female','2003-07-11','Fermoy','crowsonoj@digg.com','175-697-2512','user'),(885,'Tadd Walker','male','2006-12-15','Tirapata','twalkerok@csmonitor.com','758-872-7519','user'),(886,'Feliza Bertolaccini','female','1975-07-18','Wawrzeńczyce','fbertolacciniol@state.gov','379-982-5751','user'),(887,'Abbott Tollerton','male','2017-03-19','Banatski Despotovac','atollertonom@skyrock.com','590-199-2115','user'),(888,'Charla Bruinemann','female','1964-08-22','Sievi','cbruinemannon@bravesites.com','340-107-0695','admin'),(889,'Nisse Braxay','female','2004-01-10','Sugihmukti','nbraxayoo@youku.com','470-270-6960','user'),(890,'Jamie Carvil','female','1965-11-09','Nyeri','jcarvilop@livejournal.com','881-151-5418','user'),(891,'Fulton Kenford','male','2001-12-24','Parung','fkenfordoq@nyu.edu','115-762-8107','admin'),(892,'Kaila Cersey','female','1952-09-26','Ejmiatsin','kcerseyor@eventbrite.com','980-248-0699','admin'),(893,'Madeline Dallmann','female','1954-06-15','Wujiabao','mdallmannos@acquirethisname.com','599-216-3712','user'),(894,'Demetris Casarini','male','2008-03-19','Chikwawa','dcasariniot@weibo.com','225-532-0036','admin'),(895,'May Dinsell','female','1976-07-29','Jurh','mdinsellou@delicious.com','706-115-0969','admin'),(896,'Mildrid Schellig','female','2003-08-31','Katrineholm','mschelligov@oaic.gov.au','569-576-1330','user'),(897,'Teodoro Curgenven','male','1960-12-19','Xishanzui','tcurgenvenow@ca.gov','333-899-7583','admin'),(898,'Misha Hemphrey','female','1981-11-26','Cahors','mhemphreyox@constantcontact.com','750-536-4116','admin'),(899,'Tailor Yewdale','male','2015-11-06','Gading','tyewdaleoy@csmonitor.com','250-189-4463','admin'),(900,'Cazzie Rabb','male','1970-07-20','Biyong','crabboz@cyberchimps.com','948-306-0458','user'),(901,'Ardene Burkill','female','1973-04-11','Denver','aburkillp0@sitemeter.com','303-559-4484','admin'),(902,'Samuel Coniam','male','1960-06-01','Santa Brigida','sconiamp1@homestead.com','965-446-0607','user'),(903,'Thatcher Kinnon','male','1998-09-19','Grzmiąca','tkinnonp2@ihg.com','792-121-6380','admin'),(904,'Annabell Phillip','female','1995-04-17','Wangwu','aphillipp3@ovh.net','216-116-9003','admin'),(905,'Doy Moncrefe','male','1975-05-26','Hāfizābād','dmoncrefep4@ucoz.ru','723-271-9702','user'),(906,'Eberto Lockney','male','2013-06-10','Kuruman','elockneyp5@unblog.fr','922-838-2438','user'),(907,'Odella Schwant','female','2018-04-19','Bolyarovo','oschwantp6@jalbum.net','367-626-5700','user'),(908,'Elliott Boram','male','2012-11-10','Ibicaraí','eboramp7@networksolutions.com','580-564-6898','user'),(909,'Micky Berends','female','1955-02-10','Chauk','mberendsp8@plala.or.jp','455-608-9884','admin'),(910,'Cookie Swyer','female','2015-12-08','Lewolang','cswyerp9@devhub.com','536-621-9804','admin'),(911,'Gardy Mackney','male','1983-08-30','Łomazy','gmackneypa@census.gov','962-781-5083','admin'),(912,'Petra Dirr','female','2017-09-11','Urbiztondo','pdirrpb@techcrunch.com','133-491-3328','user'),(913,'Caspar Bambrugh','male','1974-06-13','Guisser','cbambrughpc@example.com','347-602-4121','user'),(914,'Juana Crocetto','female','1975-01-27','Glencoe','jcrocettopd@dropbox.com','705-285-7866','admin'),(915,'Teodoor VanBrugh','male','2018-10-20','Puerto Madryn','tvanbrughpe@tinypic.com','921-324-3830','user'),(916,'Regan Skydall','female','1955-04-23','Glogovac','rskydallpf@nymag.com','472-756-0710','admin'),(917,'Alwyn Derle','male','1994-07-18','Alegrete','aderlepg@tuttocitta.it','566-914-1794','user'),(918,'Devlin McCandless','male','2009-01-24','Tarragona','dmccandlessph@posterous.com','550-684-7559','user'),(919,'Cecilius Cackett','male','2005-08-19','Kista','ccackettpi@canalblog.com','574-516-8523','user'),(920,'Millisent Perrelle','female','2001-03-08','Yiyang','mperrellepj@umich.edu','916-197-7276','admin'),(921,'Veronica Grouvel','female','1958-05-15','Vodňany','vgrouvelpk@weebly.com','459-652-8625','user'),(922,'Constanta Van T\'Hoog','female','1973-01-12','Agidel’','cvanpl@myspace.com','250-173-6847','user'),(923,'Eyde Grodden','female','1975-10-16','Sémbé','egroddenpm@163.com','380-399-1130','user'),(924,'Ad De Gregoli','male','1985-04-16','Tigaon','adepn@gov.uk','889-610-4795','user'),(925,'Hynda Mullins','female','1996-11-27','North Little Rock','hmullinspo@symantec.com','501-118-4104','admin'),(926,'Pernell Henstridge','male','1981-09-04','Babice','phenstridgepp@list-manage.com','673-656-0414','admin'),(927,'Nari Cogdon','female','1958-06-08','Poshekhon’ye','ncogdonpq@sbwire.com','264-878-7457','admin'),(928,'Alberik Maplethorpe','male','2018-12-14','Fëdorovskoye','amaplethorpepr@addtoany.com','840-735-7978','user'),(929,'Allianora Grise','female','2016-10-25','København','agriseps@so-net.ne.jp','428-396-7283','admin'),(930,'Anatol Revan','male','2020-04-05','Borucin','arevanpt@trellian.com','285-592-6663','admin'),(931,'Malanie McCreary','female','2017-01-14','Angeghakot’','mmccrearypu@youku.com','903-648-3682','admin'),(932,'Eachelle Flatte','female','1977-07-30','Alagoa Grande','eflattepv@gizmodo.com','467-547-3591','user'),(933,'Babara Talbot','female','1956-10-07','Zhaolingpu','btalbotpw@163.com','969-568-4411','admin'),(934,'Gray Sextone','male','1972-01-27','Amieiro','gsextonepx@nyu.edu','182-327-2845','user'),(935,'Thaddeus Chorley','male','2012-11-04','Velikovechnoye','tchorleypy@nps.gov','278-389-8546','user'),(936,'Karena Dallimare','female','1994-01-03','Mubo','kdallimarepz@wordpress.org','114-736-0492','admin'),(937,'Antonia Scrigmour','female','1991-12-24','Phunphin','ascrigmourq0@uol.com.br','931-211-5164','user'),(938,'Trixy Rikkard','female','1974-10-28','Vroutek','trikkardq1@slashdot.org','797-152-0848','admin'),(939,'Bruce Mafham','male','1994-12-31','Gasan','bmafhamq2@ustream.tv','648-851-3365','admin'),(940,'Evey Fearnley','female','2013-11-23','Marseille','efearnleyq3@shop-pro.jp','118-325-9326','admin'),(941,'Aurilia Kasper','female','1964-11-06','Kalanchak','akasperq4@chron.com','126-953-3048','user'),(942,'Aloysius Gethins','male','1992-07-31','Talangbetutu','agethinsq5@slashdot.org','716-494-5196','user'),(943,'Cleavland Bourbon','male','1962-06-20','Rulenge','cbourbonq6@vk.com','237-941-5800','user'),(944,'Tannie Lozano','male','2003-03-10','Sterlitamak','tlozanoq7@deviantart.com','381-104-9714','user'),(945,'Major Abbey','male','1952-10-20','Victoria','mabbeyq8@blogs.com','570-622-1776','admin'),(946,'Roberto Kimmings','male','2020-01-15','Campoverde','rkimmingsq9@adobe.com','768-220-4304','user'),(947,'Garfield Beebee','male','1968-04-25','Los Angeles','gbeebeeqa@bloomberg.com','213-798-2036','user'),(948,'Arlie Goulborn','female','1954-07-23','Kanye','agoulbornqb@nba.com','853-968-3794','user'),(949,'Kirby Croad','male','1978-08-15','Lop Buri','kcroadqc@addthis.com','405-520-6836','admin'),(950,'Sargent O\'Noulane','male','1978-10-03','Amarillo','sonoulaneqd@zimbio.com','401-405-4457','admin'),(951,'Kristy Dahlberg','female','1987-06-29','Shicheng','kdahlbergqe@about.me','141-230-2119','user'),(952,'Findlay Ropars','male','2002-09-09','Dongbang','froparsqf@jimdo.com','728-489-8146','user'),(953,'Clemente Sabati','male','1968-05-30','Kanghe','csabatiqg@thetimes.co.uk','618-460-0100','admin'),(954,'Arabella Matteoli','female','1999-06-28','Watuka','amatteoliqh@hubpages.com','853-428-9609','user'),(955,'Vale Massingberd','female','1952-04-05','Härnösand','vmassingberdqi@yahoo.co.jp','794-469-4042','user'),(956,'Antonino Lochran','male','2006-04-01','Huanxi','alochranqj@umich.edu','910-925-5066','admin'),(957,'Marinna Jeffry','female','1988-06-27','Toyama-shi','mjeffryqk@wix.com','885-781-5237','admin'),(958,'Etan Huguet','male','2002-10-17','Kanbula','ehuguetql@timesonline.co.uk','163-366-4639','user'),(959,'Malia Battelle','female','1970-07-22','Jeziorany','mbattelleqm@so-net.ne.jp','194-600-7506','admin'),(960,'Sharron Pettman','female','1992-03-01','Papringan','spettmanqn@ning.com','156-116-1358','user'),(961,'Carla Lapworth','female','1996-09-07','Tosno','clapworthqo@bravesites.com','571-214-0265','user'),(962,'Alfi Laydon','female','2012-09-24','Kohtla-Järve','alaydonqp@nationalgeographic.com','414-810-6482','user'),(963,'Kipp Wimmer','male','1994-10-01','Rognedino','kwimmerqq@ox.ac.uk','525-770-7247','user'),(964,'Leroy Janks','male','1988-01-20','Suisan','ljanksqr@alexa.com','402-564-7241','user'),(965,'Avis Latch','female','1985-04-06','Smārde','alatchqs@hubpages.com','814-274-1601','user'),(966,'Vanni Dealey','female','1958-04-26','Nasielsk','vdealeyqt@buzzfeed.com','641-728-4992','admin'),(967,'Ermentrude Weight','female','2008-08-17','Primorsk','eweightqu@google.de','100-839-7272','user'),(968,'Reggis Stallen','male','2013-12-10','Lysekil','rstallenqv@paginegialle.it','754-138-2386','admin'),(969,'Sarene Valenti','female','2020-02-18','Ringinrejo','svalentiqw@hp.com','527-116-6275','admin'),(970,'Prudy Bomb','female','1986-03-18','Guogan','pbombqx@dot.gov','398-634-3692','admin'),(971,'Brittni Walsham','female','1985-01-21','Bergamo','bwalshamqy@google.it','622-868-2891','admin'),(972,'Wainwright Bidewell','male','1973-07-18','Yerazgavors','wbidewellqz@soundcloud.com','970-933-0006','admin'),(973,'Lorain Huskisson','female','1966-06-25','Cikuray','lhuskissonr0@google.pl','345-324-2164','user'),(974,'Marlane Snarr','female','1965-10-29','Vila Chã','msnarrr1@forbes.com','875-986-1080','admin'),(975,'Lanita Philpotts','female','1979-06-03','Niverville','lphilpottsr2@discovery.com','447-947-8209','admin'),(976,'Fonzie Gaynsford','male','2010-10-14','Longfengshan','fgaynsfordr3@dot.gov','916-430-8671','admin'),(977,'Beverie Moukes','female','2012-04-12','Shazhou','bmoukesr4@ebay.co.uk','337-497-1664','admin'),(978,'Sherline Kimbrough','female','1998-08-29','Zouila','skimbroughr5@senate.gov','255-133-4711','admin'),(979,'Annamarie Roo','female','1954-04-18','Kabare','aroor6@yellowpages.com','454-610-4422','user'),(980,'Sholom Binner','male','1997-03-06','Valbonë','sbinnerr7@chronoengine.com','656-561-6823','user'),(981,'Jacki Bunclark','female','2022-04-04','Soubré','jbunclarkr8@businesswire.com','994-709-4343','admin'),(982,'Lenna Dewire','female','1990-02-14','Bizana','ldewirer9@skyrock.com','955-963-5776','user'),(983,'Goran Giberd','male','2021-01-21','Garcia Hernandez','ggiberdra@washingtonpost.com','594-662-9695','user'),(984,'Bunni Yukhnini','female','2018-02-02','Pegongan','byukhninirb@techcrunch.com','754-817-3395','admin'),(985,'Edlin Yanele','male','2019-07-04','Wudangshan','eyanelerc@mail.ru','849-326-4088','user'),(986,'Gratia De Bernardis','female','2012-05-01','Yên Bái','gderd@apple.com','779-442-7463','admin'),(987,'Fielding Jenno','male','1998-01-30','Suci Kaler','fjennore@wix.com','909-477-3967','user'),(988,'Pattin Cinavas','male','1954-06-01','Gołkowice','pcinavasrf@google.nl','589-887-3993','user'),(989,'Ileana Jodrelle','female','1973-09-28','Sebina','ijodrellerg@addthis.com','519-706-2623','user'),(990,'Magdalene McInnes','female','2012-09-29','Barakani','mmcinnesrh@examiner.com','712-449-9413','admin'),(991,'Salomo Dunsmore','male','1995-02-13','Chocianów','sdunsmoreri@sohu.com','607-436-5965','admin'),(992,'Laurianne Thumann','female','1969-12-17','Luopioinen','lthumannrj@creativecommons.org','535-181-4620','user'),(993,'Flemming Lydster','male','2001-04-19','Monte Carmelo','flydsterrk@apache.org','760-263-1760','admin'),(994,'Charlot Paternoster','female','2011-12-25','Luobuqiongzi','cpaternosterrl@kickstarter.com','334-671-4285','admin'),(995,'Benjy Labrone','male','1953-10-08','Penggakrajeng','blabronerm@free.fr','242-940-6912','admin'),(996,'Amara Castillou','female','1974-04-05','Matão','acastillourn@microsoft.com','301-785-3496','user'),(997,'Trever Tizzard','male','2008-04-04','Lille','ttizzardro@feedburner.com','692-415-9992','admin'),(998,'Byrom Stubbert','male','2023-07-08','Puerto Mayor Otaño','bstubbertrp@youtube.com','747-391-4007','user'),(999,'Davine Pedrick','female','2021-08-14','Niandui','dpedrickrq@privacy.gov.au','210-743-1773','user'),(1000,'Hazlett Gutierrez','male','2020-07-30','Sanyi','hgutierrezrr@unicef.org','875-908-1549','admin');
/*!40000 ALTER TABLE `user` ENABLE KEYS */;
UNLOCK TABLES;
/*!40103 SET TIME_ZONE=@OLD_TIME_ZONE */;

/*!40101 SET SQL_MODE=@OLD_SQL_MODE */;
/*!40014 SET FOREIGN_KEY_CHECKS=@OLD_FOREIGN_KEY_CHECKS */;
/*!40014 SET UNIQUE_CHECKS=@OLD_UNIQUE_CHECKS */;
/*!40101 SET CHARACTER_SET_CLIENT=@OLD_CHARACTER_SET_CLIENT */;
/*!40101 SET CHARACTER_SET_RESULTS=@OLD_CHARACTER_SET_RESULTS */;
/*!40101 SET COLLATION_CONNECTION=@OLD_COLLATION_CONNECTION */;
/*!40111 SET SQL_NOTES=@OLD_SQL_NOTES */;

-- Dump completed on 2023-09-18 22:48:57
